masterid,sampledate,XSLOPE,PCT_FN,PCT_HP
105DLCDCC,2009-05-19T07:00:00Z,NA,0,0
105DLCDCC,2009-06-23T07:00:00Z,NA,0,0
105DLCDCC,2009-08-05T07:00:00Z,1.6,0,0
105DLCDCC,2009-09-15T07:00:00Z,NA,0,0
105DLCDCC,2009-10-20T07:00:00Z,NA,1,0
105PS0028,2008-08-12T07:00:00Z,0.7,0,19
105PS0028,2008-08-26T07:00:00Z,0.5,20,0
105PS0043,2008-09-17T07:00:00Z,4.1,0,0
105PS0067,2009-08-24T07:00:00Z,3,0,0
105PS0067,2009-09-15T07:00:00Z,4.5,0,0
105PS0069,2009-08-18T07:00:00Z,2.5,0,0
105PS0083,2009-09-08T07:00:00Z,22.3,0,0
105PS0090,2009-08-25T07:00:00Z,2.2,0,0
105PS0092,2008-08-11T07:00:00Z,1.8,6,0
105PS0097,2009-09-08T07:00:00Z,2.3,1,0
105PS0107,2009-09-14T07:00:00Z,1.4,3,0
105PS0188,2008-08-26T07:00:00Z,3.1,4,0
105PS0276,2009-09-01T07:00:00Z,0.2,30,15
105PS0276,2009-09-22T07:00:00Z,2.8,30,26
105PS0468,2009-09-01T07:00:00Z,0.7,29,2
106MNCAHC,2008-10-01T07:00:00Z,NA,2,0
106PS0022,2008-09-30T07:00:00Z,NA,0,0
106PS0051,2008-09-16T07:00:00Z,3.2,0,0
106PS0078,2009-08-26T07:00:00Z,2.5,2,10
106PS0106,2009-09-08T07:00:00Z,1.5,1,0
106PTCAHC,2008-09-02T07:00:00Z,4,0,0
106WER016,2009-05-18T07:00:00Z,NA,1,0
106WER016,2009-06-22T07:00:00Z,NA,0,0
106WER016,2009-08-04T07:00:00Z,4.5,0,4
106WER016,2009-09-16T07:00:00Z,NA,0,4
106WER016,2009-10-20T07:00:00Z,NA,2,2
107PS0021,2008-09-03T07:00:00Z,2.6,0,0
111BBRBCC,2009-09-23T07:00:00Z,2.1,1,0
111BGCAER,2009-10-06T07:00:00Z,3.2,1,0
111PS0008,2008-09-09T07:00:00Z,0,0,0
111PS0008,2008-09-29T07:00:00Z,0,0,0
111PS0013,2008-08-19T07:00:00Z,4.3,0,0
111PS0057,2008-08-18T07:00:00Z,2.2,14,1
111PS0060,2008-10-07T07:00:00Z,3.3,0,0
111PS0095,2009-08-27T07:00:00Z,1.3,0,0
111PS0110,2009-06-24T07:00:00Z,2.2,0,0
111WER159,2009-05-21T07:00:00Z,NA,0,0
111WER159,2009-06-24T07:00:00Z,NA,0,0
111WER159,2009-08-03T07:00:00Z,15.1,0,0
111WER159,2009-09-16T07:00:00Z,NA,1,0
111WER159,2009-10-19T07:00:00Z,NA,0,0
113GAR030,2009-08-26T07:00:00Z,NA,8,0
113GAR038,2009-06-08T07:00:00Z,4.1,0,0
113GAR061,2009-07-01T07:00:00Z,0.5,0,0
113GAR089,2009-08-05T07:00:00Z,1.5,14,0
113GAR105,2009-08-04T07:00:00Z,NA,5,0
113GAR110,2009-06-30T07:00:00Z,NA,5,0
113PS0012,2008-09-09T07:00:00Z,0.6,0,0
113PS0084,2009-08-18T07:00:00Z,1.2,2,2
113PS0100,2009-08-25T07:00:00Z,0.6,7,0
114MRCURX,2008-06-24T07:00:00Z,5.5,0,0
114PS0088,2009-08-19T07:00:00Z,0.2,1,0
114WER118,2008-08-20T07:00:00Z,2.5,0,0
201AUD020,2005-04-12T07:00:00Z,7.8,1,0
201LAG190,2008-10-06T07:00:00Z,3.3,0,0
201LAG335,2009-07-15T07:00:00Z,3.6,0,0
201LAG380,2009-07-14T07:00:00Z,1.8,0,0
201RDW040,2005-04-15T07:00:00Z,1.1,1,0
201RDW080,2008-05-07T07:00:00Z,NA,0,0
201RDW080,2008-06-23T07:00:00Z,0.8,4.0,0.0
201RDW080,2008-08-12T07:00:00Z,NA,13.0,0.0
201RDW080,2009-04-20T07:00:00Z,0.7,10,0
201RDW080,2009-06-03T07:00:00Z,NA,10,0
201RDW080,2009-08-11T07:00:00Z,NA,8,0
202BUT050,2009-06-16T07:00:00Z,1.6,9.0,0.0
202PES162,2008-05-01T07:00:00Z,NA,0,0
202PES162,2008-06-18T07:00:00Z,NA,6,0
202PES162,2009-04-27T07:00:00Z,0.7,7,0
202PES162,2009-06-16T07:00:00Z,NA,3,0
202PES162,2009-08-17T07:00:00Z,NA,3,0
202SPE090,2009-06-15T07:00:00Z,4.8,4,0
203BAX050,2005-04-19T07:00:00Z,NA,98.0,0.0
203STW030,2005-04-13T07:00:00Z,2.7,2,0
204IND200,2008-04-29T07:00:00Z,NA,0,0
204IND200,2008-06-16T07:00:00Z,4.4,3.0,0.0
204IND200,2009-04-13T07:00:00Z,3.8,1,0
204IND200,2009-06-11T07:00:00Z,NA,0,0
204PS0038,2008-06-19T07:00:00Z,0.3,0,0
205COY140,2009-06-17T07:00:00Z,3.5,1,0
205COY610,2008-04-30T07:00:00Z,NA,0,0
205COY610,2009-04-15T07:00:00Z,0.5,2,0
205COY610,2009-06-08T07:00:00Z,NA,1,0
205CYCAHH,2008-06-10T07:00:00Z,0.9,0,0
205PS0045,2009-06-17T07:00:00Z,1.3,23,0
205SAR057,2009-05-13T07:00:00Z,0.6,8,0
205SAR060,2009-05-13T07:00:00Z,1,14,0
205SAR070,2009-05-14T07:00:00Z,1.5,NA,NA
205SAR080,2009-05-14T07:00:00Z,1.9,3,2
205STE110,2009-07-13T07:00:00Z,6.9,0,0
206PS0054,2009-06-15T07:00:00Z,0.5,27,0
206RIC100,2008-06-19T07:00:00Z,3.0,4.0,0.0
206RIC100,2008-08-14T07:00:00Z,NA,4.0,0.0
206RIC100,2009-05-11T07:00:00Z,2.9,3,0
206RIC100,2009-06-17T07:00:00Z,NA,0,0
206RIC100,2009-08-12T07:00:00Z,NA,2,0
206SON300,2009-07-14T07:00:00Z,2.6,0,0
207MTD117,2008-05-06T07:00:00Z,NA,0,0
207MTD117,2009-04-22T07:00:00Z,2.3,3,0
304APT,2007-04-04T07:00:00Z,1.8,1,0
304PS0006,2008-06-04T07:00:00Z,1.5,0,6
304PS0006,2008-06-17T07:00:00Z,1.1,1,0
304PS0018,2008-06-04T07:00:00Z,6.5,0,10
304SOK,2007-04-04T07:00:00Z,4.7,2,0
305CLCSBR,2008-06-11T07:00:00Z,2,7,0
305LGCACR,2008-07-16T07:00:00Z,7.2,11,0
305PS0034,2008-06-17T07:00:00Z,0.5,21,0
305PS0057,2009-06-16T07:00:00Z,0.8,83,0
305PS0061,2009-06-17T07:00:00Z,0.3,35,1
307CMN,2009-09-03T07:00:00Z,0.8,0,0
307CMU,2009-06-16T07:00:00Z,0.4,4,0
307PS0028,2008-06-03T07:00:00Z,2.4,1,0
307PS0044,2009-06-08T07:00:00Z,0.3,3,0
308BGC,2009-09-02T07:00:00Z,1.2,1,0
308BSR,2007-04-11T07:00:00Z,1.8,3,0
308BSR,2009-08-05T07:00:00Z,0.3,40,0
308BSU,2009-08-05T07:00:00Z,0.9,29,0
308LIM,2009-04-27T07:00:00Z,0.1,13,0
308WLO,2007-04-11T07:00:00Z,2.9,1,0
308WLO,2009-07-21T07:00:00Z,NA,0,0
309ARCBRC,2008-08-25T07:00:00Z,0.8,5,0
309CLCBVC,2008-07-15T07:00:00Z,1.5,23,0
309DAV,2007-04-04T07:00:00Z,3.4,0,0
309PS0040,2008-06-03T07:00:00Z,0.1,34,0
309PS0043,2009-06-10T07:00:00Z,0.1,18,0
309PS0043,2009-07-08T07:00:00Z,0.1,23,0
309SARANF,2008-08-26T07:00:00Z,1.6,1,0
309SDCMCC,2008-07-14T07:00:00Z,0.9,50,0
310AGS,2009-05-15T07:00:00Z,0.3,26,0
310LPCBPC,2009-06-09T07:00:00Z,2.6,0,0
310SCP,2009-05-01T07:00:00Z,0.3,4,0
310SLC,2009-04-14T07:00:00Z,1.6,0,0
312BRE,2007-04-02T07:00:00Z,0.8,6,0
312BRE,2008-04-16T07:00:00Z,0.8,0,0
312CAV,2007-04-03T07:00:00Z,0.9,9,0
312CAV,2008-04-07T07:00:00Z,NA,1,0
312CUT,2007-04-02T07:00:00Z,0.1,50,0
312HUA,2007-04-02T07:00:00Z,0.5,10,0
312HUA,2008-04-04T07:00:00Z,NA,6,0
312SED113,2007-03-30T07:00:00Z,0.2,7,0
312SED113,2008-04-16T07:00:00Z,0.5,0,0
314SYP,2008-04-18T07:00:00Z,0.9,0,0
315CAP,2008-05-08T07:00:00Z,3.4,0,0
315GAI,2008-05-07T07:00:00Z,1.9,2,0
315GAV,2007-04-05T07:00:00Z,1.4,8,0
315GAV,2008-04-29T07:00:00Z,0.7,0,0
315JAL,2007-04-12T07:00:00Z,4.6,1,0
315JAL,2008-05-06T07:00:00Z,0.9,1,0
315MIU,2008-04-28T07:00:00Z,3.3,0,0
315RIN,2007-04-05T07:00:00Z,NA,7,0
315RIN,2008-04-08T07:00:00Z,2.1,2,0
401VCJVCL,2006-06-05T07:00:00Z,3.1,45,0
401VCJVCU,2006-06-05T07:00:00Z,1.4,36,1
401VCMADL,2006-06-07T07:00:00Z,1.9,11,0
401VCMADU,2006-06-07T07:00:00Z,1.8,0,1
401VCPJCL,2006-06-07T07:00:00Z,3,18,0
401VCPJCU,2006-06-07T07:00:00Z,1.2,11,0
401VCSAUL,2006-06-08T07:00:00Z,1.6,6,0
401VCSAUU,2006-06-08T07:00:00Z,1.4,9,5
402BA0031,2008-05-28T07:00:00Z,0.7,0,0
402BA0079,2008-05-28T07:00:00Z,0.6,0,0
402BA0095,2008-05-29T07:00:00Z,3.9,0,0
402BA0143,2008-05-21T07:00:00Z,0.4,0,0
402BA0287,2008-06-09T07:00:00Z,2.7,0,0
402BA0335,2008-05-27T07:00:00Z,0.1,0,0
402M00002,2015-08-13T07:00:00Z,0.1,35,0
402M00005,2015-06-11T07:00:00Z,4.8,3,0
402M00009,2015-06-29T07:00:00Z,2,2,0
402M00015,2016-06-06T07:00:00Z,1,6,0
402M00029,2016-06-06T07:00:00Z,0.8,24,0
402M00030,2017-04-19T07:00:00Z,3,1,0
402M00042,2017-04-19T07:00:00Z,3.1,6,0
402M00043,2016-06-22T07:00:00Z,NA,29,0
402M00046,2017-04-26T07:00:00Z,2.4,0,0
402M00058,2019-06-10T07:00:00Z,1,12,0
402M00066,2018-07-23T07:00:00Z,1.1,27,0
402M00082,2018-07-23T07:00:00Z,NA,34,0
402M00110,2019-06-10T07:00:00Z,0.8,14,0
402M00114,2018-06-14T07:00:00Z,1.6,0,0
402M00127,2019-06-10T07:00:00Z,1.5,2,1
402PS0048,2008-05-21T07:00:00Z,5.1,2,0
402S09503,2012-06-04T07:00:00Z,3,0,0
403BA0027,2008-05-20T07:00:00Z,0.8,0,0
403BA0027,2015-07-13T07:00:00Z,1,4,0
403BA0027,2016-06-28T07:00:00Z,NA,4,0
403BA0027,2017-06-13T07:00:00Z,1.1,0,0
403BA0027,2018-06-26T07:00:00Z,1.1,1,0
403BA0027,2019-06-18T07:00:00Z,0.6,14,0
403BA0047,2008-05-15T07:00:00Z,0.3,4,0
403BA0047,2019-05-15T07:00:00Z,0.1,4,0
403BA0068,2008-05-14T07:00:00Z,1.5,0,0
403BA0136,2008-05-13T07:00:00Z,1.8,0,0
403BA0140,2008-05-21T07:00:00Z,6.6,0,0
403BA0171,2008-05-19T07:00:00Z,34.8,0,0
403BA0191,2008-05-14T07:00:00Z,0.8,0,0
403BA0191,2010-07-12T07:00:00Z,2.4,45,0
403M01500,2016-06-15T07:00:00Z,0.8,6,0
403M01505,2015-06-29T07:00:00Z,0,8,0
403M01506,2015-06-17T07:00:00Z,0.7,17,0
403M01522,2016-06-29T07:00:00Z,1.6,69,0
403M01528,2016-06-15T07:00:00Z,1.4,14,0
403M01538,2017-05-25T07:00:00Z,1.5,0,7
403M01539,2017-04-20T07:00:00Z,1.9,0,1
403M01553,2017-05-25T07:00:00Z,1.6,0,0
403M01560,2019-05-15T07:00:00Z,0,9,0
403M01565,2018-06-13T07:00:00Z,2.5,10,4
403M01571,2019-06-19T07:00:00Z,3.4,3,0
403M01580,2019-05-15T07:00:00Z,0,0,0
403M01626,2018-06-13T07:00:00Z,3.7,0,0
403M01661,2019-06-17T07:00:00Z,0.4,27,0
403M05757,2015-06-29T07:00:00Z,1.3,9,1
403M05758,2015-06-29T07:00:00Z,0.9,3,7
403M05771,2015-04-30T07:00:00Z,1.5,27,9
403M05798,2018-05-15T07:00:00Z,4.1,0,0
403M05800,2018-05-16T07:00:00Z,7.2,0,0
403M05832,2019-06-27T07:00:00Z,0.9,2,10
403M05844,2019-06-20T07:00:00Z,2.2,0,0
403S00064,2008-05-12T07:00:00Z,1.2,0,0
403S00271,2015-08-13T07:00:00Z,1.5,5,0
403S00271,2016-06-22T07:00:00Z,1.5,10,0
403S00271,2017-04-20T07:00:00Z,1.2,1,0
403S00271,2018-06-25T07:00:00Z,0.9,2,0
403S00271,2019-06-19T07:00:00Z,1.2,3,0
403S00640,2009-06-11T07:00:00Z,0.6,2,0
403S00772,2009-05-20T07:00:00Z,1.1,8,0
403S00960,2008-05-21T07:00:00Z,1.4,0,0
403S01163,2009-06-08T07:00:00Z,2,23,0
403S01195,2009-06-10T07:00:00Z,1,30,0
403S01272,2009-06-09T07:00:00Z,0.2,0,0
403S01784,2009-06-09T07:00:00Z,0.4,25,0
403S02139,2012-07-17T07:00:00Z,3.4,3,0
403S03832,2009-06-08T07:00:00Z,0.7,90,0
403S14156,2009-06-09T07:00:00Z,0.8,4,0
404BA0084,2008-06-04T07:00:00Z,0.8,0,0
404BA0104,2008-06-18T07:00:00Z,1.8,0,0
404BA0142,2008-06-18T07:00:00Z,1.4,0,0
404BA0376,2008-06-05T07:00:00Z,0.4,0,0
404BA0526,2008-06-04T07:00:00Z,4.9,0,0
404BA0616,2008-06-03T07:00:00Z,0.8,0,0
404BA0808,2008-06-02T07:00:00Z,0.3,0,0
404BA0852,2008-06-03T07:00:00Z,3.2,0,0
404BA0964,2008-06-04T07:00:00Z,0.6,0,0
404BA1144,2008-06-10T07:00:00Z,3.8,0,0
404BA1166,2008-06-10T07:00:00Z,2.6,0,0
404BA1166,2009-06-04T07:00:00Z,4.2,8,0
404M04517,2017-04-26T07:00:00Z,2,0,1
404M04532,2015-07-14T07:00:00Z,1.8,4,0
404M04599,2016-08-03T07:00:00Z,15.9,17,0
404M04624,2018-06-19T07:00:00Z,1,8,0
404M04674,2019-05-09T07:00:00Z,0.2,2,0
404M07346,2015-07-01T07:00:00Z,2.8,5,3
404M07349,2015-07-15T07:00:00Z,1.4,8,0
404M07364,2018-06-21T07:00:00Z,0.9,0,1
404M07365,2018-06-27T07:00:00Z,2.5,0,0
404M07368,2018-06-20T07:00:00Z,0.2,0,2
404M07372,2019-07-09T07:00:00Z,0.6,10,1
404M07375,2019-05-14T07:00:00Z,4.3,0,3
404M07376,2019-07-09T07:00:00Z,1.4,1,0
404S01128,2008-06-19T07:00:00Z,2,7,0
404S02920,2009-05-12T07:00:00Z,1,30,0
404S03048,2009-05-13T07:00:00Z,3,20,0
404S05992,2009-05-12T07:00:00Z,0.4,5,0
404S06456,2009-05-14T07:00:00Z,1.2,0,0
404S08040,2009-05-12T07:00:00Z,1.4,4,0
404S08616,2009-05-13T07:00:00Z,0.7,4,0
404S11406,2009-05-11T07:00:00Z,0.6,0,0
404S16516,2009-05-18T07:00:00Z,0.9,1,0
404S17266,2009-05-19T07:00:00Z,0.8,2,0
404S17664,2009-05-20T07:00:00Z,0.9,38,0
404S22464,2009-05-19T07:00:00Z,1.1,0,0
404VCBSCL,2006-06-06T07:00:00Z,0.5,3,0
404VCLSCL,2006-06-06T07:00:00Z,2,3,0
404VCLSCU,2006-06-06T07:00:00Z,3.1,1,0
405BRCSGR,2008-05-28T07:00:00Z,3.8,1,0
405CE0280,2015-07-06T07:00:00Z,3.8,1,0
405CE0280,2016-06-09T07:00:00Z,NA,3,0
405CE0280,2017-07-19T07:00:00Z,3.4,0,0
405M10598,2015-06-30T07:00:00Z,1.1,0,0
405M10599,2015-06-30T07:00:00Z,0.1,0,0
405M10600,2016-06-23T07:00:00Z,0.2,3,0
405PS0011,2017-06-29T07:00:00Z,0.6,0,0
405PS0030,2008-05-21T07:00:00Z,1.8,0,0
405PS0036,2008-05-28T07:00:00Z,2.2,8,0
405PS0036,2016-07-11T07:00:00Z,4.5,9,0
405SGB010,2010-06-18T07:00:00Z,11.1,0,0
405SGB010,2011-06-27T07:00:00Z,6.4,0,0
405SGRAAG,2008-05-28T07:00:00Z,2.4,3,0
405WER318,2009-03-27T07:00:00Z,NA,0,0
405WER318,2009-04-30T07:00:00Z,NA,0,0
405WER318,2009-06-02T07:00:00Z,5.7,0,0
405WER318,2009-07-07T07:00:00Z,NA,0,0
405WER318,2009-08-18T07:00:00Z,NA,0,0
407M01516,2015-06-24T07:00:00Z,1,3,0
408BA0036,2008-05-05T07:00:00Z,0.2,5,0
408BA0036,2015-06-15T07:00:00Z,0.3,8,10
408BA0036,2016-06-20T07:00:00Z,0.3,29,0
408BA0036,2017-04-27T07:00:00Z,0.3,0,0
408BA0036,2018-06-11T07:00:00Z,0.2,32,3
408BA0268,2008-05-06T07:00:00Z,3.4,0,0
408BA0580,2008-05-07T07:00:00Z,0.4,8,0
408BA0660,2008-05-06T07:00:00Z,0.4,2,0
408BA0660,2015-07-14T07:00:00Z,0.3,4,0
408BA0660,2016-06-20T07:00:00Z,NA,8,0
408BA0660,2017-04-27T07:00:00Z,1.4,4,0
408BA0660,2018-06-11T07:00:00Z,0,2,0
408BA0660,2019-06-17T07:00:00Z,0.3,0,0
408BA0836,2008-05-07T07:00:00Z,0.1,7,0
408BA0836,2015-06-24T07:00:00Z,0.1,10,4
408BA0836,2016-07-12T07:00:00Z,0.1,30,0
408BA0836,2017-06-21T07:00:00Z,0.8,6,0
408BA0836,2018-07-11T07:00:00Z,NA,7,0
408BA0836,2019-07-25T07:00:00Z,0,21,0
408BA0916,2008-05-08T07:00:00Z,0.4,3,0
408M03005,2015-06-15T07:00:00Z,1.3,0,0
408M03015,2015-06-15T07:00:00Z,1.3,3,0
408M03019,2015-07-14T07:00:00Z,1.6,1,0
408M03020,2016-07-12T07:00:00Z,0,9,0
408M03027,2016-06-29T07:00:00Z,2.4,1,0
408M03036,2016-06-20T07:00:00Z,0.1,98,0
408M03038,2017-04-27T07:00:00Z,0.3,0,6
408M03047,2017-05-30T07:00:00Z,0.1,0,0
408M03051,2019-06-17T07:00:00Z,0.4,0,0
408M03052,2013-06-10T07:00:00Z,0.1,48,0
408M03052,2017-05-30T07:00:00Z,0.2,15,0
408M03100,2019-05-09T07:00:00Z,0.4,69,0
408M03111,2019-07-25T07:00:00Z,0,8,0
408M03115,2018-06-19T07:00:00Z,0.2,3,0
408M03116,2018-08-21T07:00:00Z,0.1,0,0
408M03119,2018-06-28T07:00:00Z,NA,0,0
408PS0032,2008-05-21T07:00:00Z,0.2,24,0
410M01628,2018-06-28T07:00:00Z,0.1,0,0
412CE0232,2015-07-16T07:00:00Z,0.3,0,0
412CE0232,2016-06-21T07:00:00Z,NA,0,0
412CE0232,2017-05-31T07:00:00Z,NA,0,0
412CE0232,2018-05-30T07:00:00Z,0.2,0,0
412CE0232,2019-07-15T07:00:00Z,0.3,5,0
412CE0616,2015-07-16T07:00:00Z,0.3,0,0
412CE0732,2015-09-02T07:00:00Z,0.4,0,0
412M08597,2015-07-16T07:00:00Z,0.3,0,0
412M08599,2018-06-20T07:00:00Z,0.6,0,0
412M08602,2015-09-30T07:00:00Z,0.2,0,0
412M08608,2016-06-02T07:00:00Z,1.6,12,0
412M08610,2016-07-14T07:00:00Z,4.2,27,0
412M08615,2016-07-07T07:00:00Z,0.4,0,0
412M08616,2016-06-02T07:00:00Z,0.6,0,0
412M08622,2016-06-21T07:00:00Z,6.7,3,0
412M08627,2017-05-17T07:00:00Z,0.2,0,0
412M08630,2017-05-17T07:00:00Z,0.5,0,0
412M08632,2017-05-17T07:00:00Z,0.4,0,0
412M08638,2017-08-16T07:00:00Z,1.9,0,0
412M08640,2018-05-30T07:00:00Z,0.8,0,0
412M08641,2019-07-09T07:00:00Z,2.7,6,0
412M08642,2018-06-20T07:00:00Z,0.5,0,0
412M08643,2018-05-23T07:00:00Z,0.1,2,0
412M08645,2019-07-15T07:00:00Z,2.4,62,0
412M08646,2019-07-16T07:00:00Z,1.5,0,0
412M08647,2019-07-16T07:00:00Z,0.6,9,0
412PS0020,2008-05-14T07:00:00Z,0.8,1,0
412PS0020,2008-05-22T07:00:00Z,0.8,0,0
412PS0020,2016-06-02T07:00:00Z,0.9,0,0
412PS0040,2008-05-20T07:00:00Z,0.9,0,0
412PS0040,2016-07-14T07:00:00Z,0.2,0,0
412PS0052,2008-05-20T07:00:00Z,0.5,13,0
412PS0052,2017-04-25T07:00:00Z,0.4,0,0
412S04204,2012-07-11T07:00:00Z,2.4,3,0
412S04204,2019-07-30T07:00:00Z,3.3,9,0
412WE0552,2015-08-26T07:00:00Z,2.2,0,0
412WE0552,2016-06-08T07:00:00Z,NA,5,0
412WE0552,2017-05-24T07:00:00Z,2.7,0,0
412WE0552,2018-08-02T07:00:00Z,2.1,0,0
412WE0552,2019-07-23T07:00:00Z,2.8,0,0
412WE0896,2015-09-02T07:00:00Z,1.6,2,0
504PS0019,2008-06-30T07:00:00Z,0.4,2,28
504PS0051,2008-07-01T07:00:00Z,2.1,21,0
504PS0083,2009-06-17T07:00:00Z,0.3,2,47
504PS0147,2008-06-23T07:00:00Z,0.1,0,0
504PS0227,2009-08-12T07:00:00Z,0.9,9,0
504PS0238,2009-07-29T07:00:00Z,0.3,1,0
504PS0243,2009-06-09T07:00:00Z,1.3,13,0
505PS0156,2008-08-13T07:00:00Z,1.8,0,0
506PS0003,2008-07-02T07:00:00Z,3.7,1,0
506PS0003,2008-07-29T07:00:00Z,2.3,0,0
506PS0003,2009-07-28T07:00:00Z,3,0,0
506PS0062,2008-09-15T07:00:00Z,4.7,0,1
507BCSFBM,2008-08-05T07:00:00Z,0.7,10,0
507PS0122,2009-06-29T07:00:00Z,1.6,12,0
508PS0042,2008-07-02T07:00:00Z,0.3,11,18
509ACNFPP,2008-07-30T07:00:00Z,3.1,0,0
509ACNFPP,2008-09-16T07:00:00Z,2.8,2,9
509ACSFPP,2008-07-16T07:00:00Z,2.8,1,2
509ATCINC,2008-07-14T07:00:00Z,1.6,0,6
509BCCBPW,2009-05-21T07:00:00Z,NA,2,0
509BCCBPW,2009-06-10T07:00:00Z,NA,10,0
509BCCBPW,2009-07-09T07:00:00Z,0,3,0
509BCCBPW,2009-08-10T07:00:00Z,NA,3,1
509BCCBPW,2009-09-10T07:00:00Z,NA,6,0
509BCCH32,2008-08-13T07:00:00Z,2.6,1,0
509CWCPLR,2008-07-07T07:00:00Z,3.7,0,0
509DCPWxx,2008-08-21T07:00:00Z,2.1,2,0
509ICPPCX,2008-07-30T07:00:00Z,4.3,0,0
509ICPPCX,2008-09-10T07:00:00Z,4.5,1,0
509PCDTWR,2008-07-15T07:00:00Z,2.8,1,3
509PCDTWR,2008-09-03T07:00:00Z,2,1,0
511CCC505,2008-06-25T07:00:00Z,0.2,10,11
511PS0081,2008-06-25T07:00:00Z,0,99,1
511PS0145,2008-06-24T07:00:00Z,0,37,20
511PS0209,2009-07-08T07:00:00Z,0,25,60
513BTCACC,2008-09-10T07:00:00Z,2.6,0,0
513PS0008,2008-06-25T07:00:00Z,1.8,0,0
513PS0008,2008-08-07T07:00:00Z,1,0,0
513PS0008,2009-06-11T07:00:00Z,3.9,1,0
513PS0024,2008-06-25T07:00:00Z,2.8,1,0
513PS0088,2009-08-17T07:00:00Z,1.8,7,0
513UNCAKC,2008-09-10T07:00:00Z,3.4,0,0
513UNCAKC,2009-05-20T07:00:00Z,NA,1,1
513UNCAKC,2009-06-04T07:00:00Z,NA,56,0
513UNCAKC,2009-07-13T07:00:00Z,2.3,33,0
513UNCAKC,2009-08-13T07:00:00Z,NA,24,0
513UNCAKC,2009-09-23T07:00:00Z,NA,15,0
514BRUUPX,2008-10-09T07:00:00Z,15.8,0,0
514PS0019,2008-08-13T07:00:00Z,0.1,1,0
514PS0084,2008-07-08T07:00:00Z,0.8,12,0
514SCCAAR,2008-07-24T07:00:00Z,7.1,1,0
515PS0106,2008-09-24T07:00:00Z,0.1,30,43
516PS0014,2008-08-11T07:00:00Z,0.6,9,0
517LCCAYB,2008-08-12T07:00:00Z,2.3,2,0
517PS0030,2009-07-22T07:00:00Z,0,5,1
517PS0039,2009-07-01T07:00:00Z,1.8,20,0
517PS0132,2009-07-01T07:00:00Z,NA,6,0
518CPCRCR,2008-08-14T07:00:00Z,3.5,0,0
518GZCUPx,2008-08-20T07:00:00Z,1.3,2,0
518PS0001,2008-07-28T07:00:00Z,4.7,0,0
518PS0001,2008-08-19T07:00:00Z,6.4,0,0
518PS0017,2008-08-19T07:00:00Z,1.5,1,0
518PS0029,2009-06-30T07:00:00Z,4.8,0,0
518PS0029,2009-07-22T07:00:00Z,3.1,1,0
518PS0033,2009-06-29T07:00:00Z,8.9,0,0
518PS0045,2009-07-21T07:00:00Z,5.7,0,0
518RCNAPC,2008-08-06T07:00:00Z,2.4,0,0
518RCNAPC,2009-05-20T07:00:00Z,NA,2,0
518RCNAPC,2009-06-16T07:00:00Z,NA,0,2
518RCNAPC,2009-08-11T07:00:00Z,2.1,0,0
518RCNAPC,2009-09-09T07:00:00Z,NA,0,3
518RCNAPC,2009-10-21T07:00:00Z,NA,0,0
519MNRASR,2008-07-09T07:00:00Z,2.3,9,0
519PS0002,2008-06-26T07:00:00Z,0.3,1,0
519PS0002,2008-07-17T07:00:00Z,0.3,0,0
519PS0002,2009-07-22T07:00:00Z,0.5,13,0
519PS0134,2008-07-07T07:00:00Z,0.1,94,3
519PS0194,2009-09-10T07:00:00Z,0.6,3,10
519PS0198,2009-07-15T07:00:00Z,0.2,21,0
519PS0253,2009-07-23T07:00:00Z,0.7,26,5
519SCRAMR,2008-07-09T07:00:00Z,1.4,12,0
519SCRAMR,2008-09-22T07:00:00Z,1.6,9,0
520PS0007,2008-06-26T07:00:00Z,0,0,40
520PS0007,2008-07-08T07:00:00Z,NA,2,30
520PS0054,2008-06-30T07:00:00Z,0.1,100,0
520PS0071,2008-07-31T07:00:00Z,0.1,51,0
520PS0135,2009-07-29T07:00:00Z,0.9,10,31
520PS0202,2009-06-18T07:00:00Z,0.3,84,2
521BTCLBC,2008-08-07T07:00:00Z,1.4,23,0
522GSCBSC,2009-09-24T07:00:00Z,1.8,2,0
522MFSCRB,2008-09-18T07:00:00Z,2.1,0,0
523TMCATG,2009-10-05T07:00:00Z,4.1,6,0
526PS0072,2008-08-27T07:00:00Z,1.7,7,0
526PS0072,2008-09-23T07:00:00Z,1.9,13,0
526PS0072,2009-09-21T07:00:00Z,1.2,8,1
526PS0076,2008-08-26T07:00:00Z,6.3,2,0
526PS0220,2008-08-25T07:00:00Z,1.9,0,0
526PS0228,2008-08-28T07:00:00Z,0,100,0
526PS0344,2009-09-02T07:00:00Z,0.7,30,0
526PS0356,2009-08-11T07:00:00Z,0,79,0
526PS0396,2009-09-01T07:00:00Z,2.2,11,1
526PS0440,2009-09-02T07:00:00Z,2,19,0
526PS0472,2009-09-01T07:00:00Z,0.1,57,7
526PS0504,2009-09-02T07:00:00Z,3,10,0
526PSCBBL,2008-08-27T07:00:00Z,4.7,14,0
526PSCBBL,2008-09-23T07:00:00Z,NA,16,0
527PS0388,2009-09-02T07:00:00Z,1.5,10,0
531PS0169,2009-06-11T07:00:00Z,NA,69,0
531PS0169,2009-07-06T07:00:00Z,NA,94,0
532TGRUPX,2008-10-08T07:00:00Z,2.1,0,0
534CFSAIM,2009-07-27T07:00:00Z,5.6,6,0
534CYCANB,2008-06-19T07:00:00Z,4.2,1,0
534CYCANB,2009-04-01T07:00:00Z,NA,0,0
534CYCANB,2009-05-05T07:00:00Z,NA,0,0
534CYCANB,2009-06-02T07:00:00Z,1.9,2,0
534CYCANB,2009-07-14T07:00:00Z,NA,0,0
534CYCANB,2009-08-17T07:00:00Z,NA,1,0
534PS0043,2009-07-29T07:00:00Z,6.8,0,0
535PS0191,2009-07-14T07:00:00Z,0.5,97,0
535PS0221,2009-07-15T07:00:00Z,0.1,19,2
535PS0265,2009-08-20T07:00:00Z,0.3,1,1
537BSCAWR,2008-07-15T07:00:00Z,6.6,11,0
537GZCAMR,2008-08-07T07:00:00Z,5.1,2,0
537TYCAML,2008-07-16T07:00:00Z,14.3,0,0
539CCRARR,2008-06-12T07:00:00Z,0.3,1,0
539NDCACC,2009-05-05T07:00:00Z,NA,2,0
539NDCACC,2009-06-15T07:00:00Z,NA,0,0
539NDCACC,2009-09-10T07:00:00Z,NA,7,0
539NDCACC,2009-10-08T07:00:00Z,5.1,11,0
539NDCACC,2009-10-15T07:00:00Z,NA,0,0
540PS0008,2008-08-06T07:00:00Z,1.7,5,0
541PS0055,2008-07-10T07:00:00Z,0,95,0
542DPCDPC,2008-06-18T07:00:00Z,1.4,24,0
552KRSFBC,2008-07-14T07:00:00Z,2.1,0,0
552MFCAKR,2008-06-11T07:00:00Z,2.2,1,0
552PS0028,2008-06-18T07:00:00Z,5.6,2,0
552SCCTSR,2008-06-11T07:00:00Z,4.2,1,0
554LCCADR,2008-06-10T07:00:00Z,13.4,19,2
554PS0160,2008-08-05T07:00:00Z,5.8,50,0
554PS0224,2008-06-17T07:00:00Z,7.3,4,0
554PS0448,2009-07-07T07:00:00Z,0.1,12,0
555PS0064,2008-06-17T07:00:00Z,6.1,2,0
603PS0008,2008-07-30T07:00:00Z,21.1,0,0
603PS0109,2008-07-29T07:00:00Z,6.7,0,0
603SPCBWC,2008-07-22T07:00:00Z,8,2,0
609PS0053,2008-05-14T07:00:00Z,2,22,0
626PS0171,2008-05-15T07:00:00Z,2.2,0,0
628PS0527,2009-06-03T07:00:00Z,2.8,0,0
630PS0005,2008-07-31T07:00:00Z,3.6,1,0
631PS0011,2009-07-28T07:00:00Z,14,4,0
631PS0023,2009-08-04T07:00:00Z,3.6,9,0
632PS0007,2008-07-23T07:00:00Z,4.2,0,0
632PS0014,2009-08-03T07:00:00Z,2.5,8,0
633PS0003,2008-07-22T07:00:00Z,2.2,9,0
633WIL001,2009-05-18T07:00:00Z,NA,18,0
633WIL001,2009-06-25T07:00:00Z,NA,9,0
633WIL001,2009-08-05T07:00:00Z,0.9,12,0
633WIL001,2009-10-01T07:00:00Z,NA,2,0
633WIL001,2009-10-26T07:00:00Z,NA,0,0
634PS0019,2009-08-05T07:00:00Z,NA,2,0
635PS0018,2009-07-20T07:00:00Z,0,54,0
636PS0006,2008-07-21T07:00:00Z,3.4,2,0
636PS0010,2009-07-21T07:00:00Z,0.4,3,0
637PS0018,2008-08-04T07:00:00Z,2.5,6,13
722PS0535,2009-05-26T07:00:00Z,NA,58,0
801BNC530,2007-05-29T07:00:00Z,NA,10,0
801BRC184,2009-07-07T07:00:00Z,5.2,3,0
801CBC317,2009-06-03T07:00:00Z,NA,3,0
801CBN012,2006-05-31T07:00:00Z,NA,10,0
801CCCCTT,2005-06-13T07:00:00Z,NA,0,0
801CCCCTT,2007-05-03T07:00:00Z,5.9,0,0
801CCWFAC,2005-06-13T07:00:00Z,NA,0,0
801CCWFAC,2007-05-01T07:00:00Z,2,0,0
801CJW027,2006-06-23T07:00:00Z,NA,0,0
801CJW041,2006-06-23T07:00:00Z,NA,3,0
801CJW079,2006-06-04T07:00:00Z,NA,0,0
801CYC114,2008-07-07T07:00:00Z,2.7,17,0
801CYC121,2007-06-09T07:00:00Z,NA,0,0
801CYC398,2007-06-15T07:00:00Z,NA,20,0
801DCR131,2009-06-16T07:00:00Z,10.8,10,0
801DRC025,2007-06-16T07:00:00Z,NA,7,0
801EBC080,2008-06-24T07:00:00Z,7.8,25,0
801EBC126,2008-06-23T07:00:00Z,11.6,5,0
801EBC686,2007-05-30T07:00:00Z,NA,0,0
801ETC226,2006-06-26T07:00:00Z,NA,0,0
801FDCCCR,2005-06-06T07:00:00Z,NA,7,0
801FDCCCR,2007-05-01T07:00:00Z,4.7,2,0
801FGC022,2008-06-23T07:00:00Z,7.2,30,0
801FRC093,2007-05-29T07:00:00Z,NA,3,0
801HBC050,2008-06-23T07:00:00Z,NA,35,0
801HNC203,2007-05-29T07:00:00Z,NA,10,0
801ICE713,2006-06-23T07:00:00Z,NA,0,0
801LCMFAS,2005-06-14T07:00:00Z,NA,0,0
801LCMFAS,2007-05-03T07:00:00Z,5.8,0,0
801LYC028,2006-06-04T07:00:00Z,NA,0,0
801LYC062,2006-06-23T07:00:00Z,NA,0,0
801LYC271,2007-06-02T07:00:00Z,NA,10,0
801LYC346,2007-06-02T07:00:00Z,NA,10,0
801LYC600,2009-06-28T07:00:00Z,2.8,0,0
801M12611,2015-07-01T07:00:00Z,0.5,1,0
801M12617,2015-04-30T07:00:00Z,0.8,0,0
801M12641,2016-05-19T07:00:00Z,0.1,0,0
801M12644,2016-04-28T07:00:00Z,0.6,0,0
801M12649,2013-06-04T07:00:00Z,0.5,0,0
801M12649,2016-05-11T07:00:00Z,0.4,0,0
801M12652,2017-05-18T07:00:00Z,0.5,2,2
801M12665,2017-05-18T07:00:00Z,1.4,0,0
801M12669,2017-06-29T07:00:00Z,0,42,2
801M12675,2019-04-23T07:00:00Z,0.4,7,0
801M12678,2019-04-25T07:00:00Z,3.1,1,0
801M12684,2019-06-04T07:00:00Z,0.1,0,0
801M16861,2015-04-15T07:00:00Z,8.7,0,0
801M16873,2015-04-15T07:00:00Z,0.3,0,0
801M16908,2016-05-24T07:00:00Z,0.3,1,29
801M16916,2016-05-25T07:00:00Z,0.3,5,0
801M16932,2017-05-31T07:00:00Z,2.9,0,0
801M16949,2017-05-31T07:00:00Z,1.6,0,1
801M16957,2019-05-10T07:00:00Z,0.5,20,32
801M16973,2018-06-06T07:00:00Z,3.4,0,0
801M16976,2018-06-06T07:00:00Z,0.7,0,0
801MCC333,2009-06-17T07:00:00Z,8.2,0,0
801MFC100,2007-05-28T07:00:00Z,NA,7,0
801MHC219,2009-07-06T07:00:00Z,8.3,1,0
801MIC007,2006-06-22T07:00:00Z,NA,0,0
801MIC032,2006-06-03T07:00:00Z,NA,0,0
801MIC034,2006-06-22T07:00:00Z,NA,0,0
801MIC035,2006-06-22T07:00:00Z,NA,0,0
801MIC042,2006-05-31T07:00:00Z,NA,17,0
801MIC074,2008-06-25T07:00:00Z,10.6,0,0
801MIC272,2008-06-25T07:00:00Z,7.2,3,0
801MIC370,2007-06-17T07:00:00Z,NA,3,0
801MLC057,2008-05-18T07:00:00Z,NA,4.0,0.0
801MLC069,2007-06-01T07:00:00Z,NA,0,0
801NLC105,2007-06-02T07:00:00Z,NA,13,0
801NLC105,2011-07-14T07:00:00Z,4.4,5,0
801PCW048,2008-05-11T07:00:00Z,1.4,0,0
801PCW171,2008-06-04T07:00:00Z,0.9,10,0
801PFB019,2006-06-15T07:00:00Z,NA,7,0
801PLC362,2008-06-17T07:00:00Z,2.1,0,0
801PLC469,2008-07-07T07:00:00Z,1.6,8,0
801PS0019,2008-05-20T07:00:00Z,5.3,0,0
801RB8026,2009-05-31T07:00:00Z,NA,10,0
801RB8131,2009-06-16T07:00:00Z,10.8,10,0
801RB8179,2009-06-01T07:00:00Z,NA,31,0
801RB8191,2009-06-02T07:00:00Z,0.4,0,0
801RB8197,2009-06-04T07:00:00Z,0.7,3,0
801RB8197,2011-07-11T07:00:00Z,0.9,0,0
801RB8207,2009-06-07T07:00:00Z,0.9,17,0
801RB8229,2009-06-01T07:00:00Z,NA,9,0
801RB8254,2009-06-16T07:00:00Z,7,6,0
801RB8254,2011-07-19T07:00:00Z,7.5,7,0
801RB8262,2009-06-07T07:00:00Z,0.1,30,0
801RB8289,2009-06-03T07:00:00Z,1.8,5,1
801RB8299,2009-06-09T07:00:00Z,0.1,0,0
801RB8312,2009-06-14T07:00:00Z,0.2,7,0
801RB8312,2011-07-26T07:00:00Z,0.3,1,0
801RB8317,2009-06-03T07:00:00Z,NA,3,0
801RB8327,2009-06-28T07:00:00Z,1.7,0,0
801RB8333,2009-06-17T07:00:00Z,8.2,0,0
801RB8339,2009-06-08T07:00:00Z,NA,14,0
801RB8339,2011-07-25T07:00:00Z,1.1,20,0
801RB8344,2009-06-15T07:00:00Z,2.5,18,0
801RB8361,2007-06-10T07:00:00Z,NA,0,0
801RB8376,2009-06-11T07:00:00Z,2.6,22,0
801RB8404,2011-06-15T07:00:00Z,1.3,0,0
801RB8415,2009-07-08T07:00:00Z,4.6,1,8
801RB8439,2011-06-08T07:00:00Z,0.7,3,0
801RB8467,2011-06-09T07:00:00Z,1.3,6,0
801RB8474,2009-07-05T07:00:00Z,11.9,0,0
801RB8483,2011-06-06T07:00:00Z,1.2,2,0
801RB8494,2011-06-20T07:00:00Z,0.2,0,0
801RB8501,2011-06-14T07:00:00Z,3.5,0,0
801RB8511,2011-06-09T07:00:00Z,1.1,2,0
801RB8512,2011-07-19T07:00:00Z,4.4,0,0
801RB8521,2011-06-06T07:00:00Z,0.6,0,0
801RB8533,2011-06-07T07:00:00Z,5.2,0,0
801RB8549,2011-06-13T07:00:00Z,0.1,0,0
801RB8558,2011-08-08T07:00:00Z,0.7,0,0
801RB8566,2011-06-15T07:00:00Z,1,0,0
801RB8572,2009-06-30T07:00:00Z,0.7,9,0
801RB8575,2011-06-07T07:00:00Z,5.6,0,0
801RB8590,2011-07-20T07:00:00Z,2.4,17,0
801RB8593,2011-06-13T07:00:00Z,0,45,0
801RB8594,2011-06-20T07:00:00Z,0.3,0,0
801RB8601,2009-06-24T07:00:00Z,0.8,0,0
801RB8607,2011-07-19T07:00:00Z,2.4,16,0
801RB8613,2009-06-29T07:00:00Z,1.2,1,0
801RB8618,2011-07-19T07:00:00Z,NA,10,0
801RB8622,2011-06-16T07:00:00Z,0.9,0,0
801RB8629,2011-07-14T07:00:00Z,1.1,0,0
801S00791,2011-06-22T07:00:00Z,4.2,20,0
801S00903,2011-07-06T07:00:00Z,4.8,0,0
801S01367,2011-06-23T07:00:00Z,NA,0,0
801S01523,2011-07-07T07:00:00Z,5.4,0,0
801S01559,2011-06-21T07:00:00Z,3.2,0,0
801S01655,2011-07-06T07:00:00Z,4.1,0,0
801S02123,2011-07-05T07:00:00Z,1.3,0,0
801S02464,2011-06-22T07:00:00Z,5.4,0,0
801S02749,2011-06-27T07:00:00Z,0.7,0,0
801S02947,2011-07-12T07:00:00Z,0,25,10
801S03971,2011-07-11T07:00:00Z,0.1,17,5
801SAN068,2008-06-10T07:00:00Z,16.3,8,0
801SAN474,2009-07-05T07:00:00Z,11.9,0,0
801SAR011,2006-06-15T07:00:00Z,NA,13,0
801SAR087,2007-05-30T07:00:00Z,NA,10,0
801SAR110,2006-06-15T07:00:00Z,NA,7,0
801SAR124,2009-06-24T07:00:00Z,NA,23,0
801SAR151,2007-06-10T07:00:00Z,NA,0,0
801SAR165,2008-07-06T07:00:00Z,0.4,22,0
801SAR168,2007-06-16T07:00:00Z,NA,17,0
801SAR334,2008-06-25T07:00:00Z,2.5,17,0
801SAR344,2009-06-15T07:00:00Z,2.5,18,0
801SAR351,2008-06-19T07:00:00Z,0.3,15,1
801SAR376,2009-06-11T07:00:00Z,2.6,22,0
801SAR528,2008-05-25T07:00:00Z,0.2,51,0
801SAR528,2011-07-11T07:00:00Z,0.2,28,0
801SBCATC,2005-06-24T07:00:00Z,NA,0,0
801SBCATC,2007-05-02T07:00:00Z,NA,1,0
801SDC178,2008-05-11T07:00:00Z,0.4,6,0
801SDC180,2006-06-20T07:00:00Z,NA,0,0
801SDC418,2009-06-08T07:00:00Z,0.3,3,0
801SDC418,2011-07-13T07:00:00Z,0.4,16,0
801SDC504,2008-07-08T07:00:00Z,0.3,6,0
801STC071,2008-06-05T07:00:00Z,62,46,0
801STC142,2008-07-08T07:00:00Z,0.8,56,0
801STC149,2008-07-08T07:00:00Z,0.5,27,0
801STC532,2006-06-20T07:00:00Z,NA,0,0
801STW051,2006-06-03T07:00:00Z,NA,0,0
801STW055,2006-06-03T07:00:00Z,NA,7,0
801STW085,2006-06-04T07:00:00Z,NA,33,0
801STW208,2007-06-17T07:00:00Z,NA,27,0
801STW258,2006-06-26T07:00:00Z,NA,10,0
801STW613,2009-06-29T07:00:00Z,1.2,1,0
801TMW153,2008-06-16T07:00:00Z,0.2,20,0
801TMW162,2008-06-16T07:00:00Z,NA,40,0
801TMW229,2009-06-01T07:00:00Z,NA,9,0
801WBC106,2007-06-16T07:00:00Z,NA,13,0
801WCC247,2007-06-09T07:00:00Z,NA,0,0
801WCC446,2007-06-09T07:00:00Z,NA,3,0
801WE1020,2005-06-14T07:00:00Z,NA,0,0
801WE1043,2005-06-14T07:00:00Z,NA,0,0
801WE1043,2007-05-01T07:00:00Z,4.7,1,0
801WE1132,2009-03-26T07:00:00Z,NA,0,0
801WE1132,2009-04-29T07:00:00Z,NA,13,0
801WE1132,2009-06-01T07:00:00Z,13.7,10,0
801WE1132,2009-07-08T07:00:00Z,NA,1,0
801WE1132,2009-08-19T07:00:00Z,NA,4,0
801WMC572,2009-06-30T07:00:00Z,0.7,9,0
801XXX046,2008-06-05T07:00:00Z,1,0,0
801XXX112,2008-06-11T07:00:00Z,0.9,37,0
801XXX118,2008-06-11T07:00:00Z,1,0,80
801XXX229,2009-06-09T07:00:00Z,0.1,0,0
801XXX259,2008-06-29T07:00:00Z,3.6,6,0
801XXX305,2008-06-04T07:00:00Z,0,12,0
802FMCAIP,2005-06-14T07:00:00Z,NA,0,0
802HYC267,2006-06-27T07:00:00Z,NA,0,0
802HYC496,2008-07-01T07:00:00Z,NA,5,0
802INC155,2008-06-30T07:00:00Z,2.4,9,0
802INC172,2006-06-16T07:00:00Z,NA,0,0
802INC635,2007-05-20T07:00:00Z,NA,17,0
802M16985,2019-05-10T07:00:00Z,1.2,2,1
802NJR147,2007-05-19T07:00:00Z,NA,0,0
802NJR160,2006-06-07T07:00:00Z,NA,0,0
802NJR163,2007-05-19T07:00:00Z,NA,0,0
802NJR543,2007-05-19T07:00:00Z,NA,0,0
802PVD243,2006-06-07T07:00:00Z,NA,0,0
802RB8196,2009-05-24T07:00:00Z,3.7,3,5
802RB8218,2009-06-23T07:00:00Z,11.6,4,0
802RB8513,2009-06-22T07:00:00Z,NA,7,0
802RB8605,2009-07-01T07:00:00Z,2.1,17,0
802RB8688,2009-07-01T07:00:00Z,5.3,7,0
802S03234,2011-06-28T07:00:00Z,NA,20,0
802S09698,2015-04-21T07:00:00Z,2.6,0,0
802S09698,2016-04-26T07:00:00Z,2.6,4,0
802S09698,2017-05-30T07:00:00Z,2.1,1,2
802S09698,2018-06-05T07:00:00Z,2.1,0,0
802S09698,2019-06-19T07:00:00Z,1.8,0,0
802S10146,2011-06-28T07:00:00Z,NA,2,0
802S11394,2011-06-30T07:00:00Z,6.3,4,0
802S25288,2011-06-30T07:00:00Z,2.2,1,0
802SJC453,2007-04-20T07:00:00Z,NA,10,0
802SJC453,2011-07-12T07:00:00Z,1.7,8,0
802SJR116,2006-06-21T07:00:00Z,NA,33,0
802SJR116,2011-07-25T07:00:00Z,1.2,39,0
802SJR587,2007-05-18T07:00:00Z,NA,40,0
802SNC070,2006-06-17T07:00:00Z,NA,0,0
802SWC020,2006-06-16T07:00:00Z,NA,7,0
802SWC020,2011-07-12T07:00:00Z,9.6,5,0
802SWC206,2006-06-15T07:00:00Z,NA,17,0
802SWC270,2008-06-30T07:00:00Z,4.5,9,0
802SWC375,2007-04-19T07:00:00Z,NA,0,0
802SWC419,2007-04-19T07:00:00Z,NA,10,0
802SWC513,2009-06-22T07:00:00Z,NA,7,0
802SWC535,2008-07-02T07:00:00Z,2,8,0
845CCC275,2009-06-09T07:00:00Z,0.3,26,0
845CTC480,2008-07-08T07:00:00Z,0.1,0,0
845M10601,2016-05-19T07:00:00Z,0.3,8,6
845PS0011,2008-05-14T07:00:00Z,2,28,3
845PS0011,2008-05-29T07:00:00Z,2.4,30,2
845PS0011,2015-06-23T07:00:00Z,0.2,0,0
845PS0011,2016-05-19T07:00:00Z,0.6,0,0
845PS0011,2019-06-06T07:00:00Z,0.6,2,0
845RB8175,2009-06-09T07:00:00Z,0,0,0
845RB8275,2009-06-09T07:00:00Z,0.3,26,0
845RB8633,2011-07-26T07:00:00Z,0.3,0,0
901ATCAAS,2008-06-05T07:00:00Z,6,0,0
901ATCTCx,2005-06-10T07:00:00Z,NA,1,0
901ATCTCx,2009-04-21T07:00:00Z,1.8,22,0
901DCCDCx,2005-06-07T07:00:00Z,NA,0,0
901M14118,2015-04-30T07:00:00Z,7.3,0,0
901M14124,2015-06-23T07:00:00Z,0.5,5,0
901M14126,2016-05-17T07:00:00Z,0.2,0,0
901M14134,2016-04-25T07:00:00Z,1.6,1,0
901M14137,2017-06-20T07:00:00Z,1.3,13,3
901M14138,2017-06-20T07:00:00Z,1.3,0,0
901M14145,2019-06-27T07:00:00Z,0.6,7,0
901M14149,2019-05-09T07:00:00Z,1,12,0
901PS0057,2008-05-14T07:00:00Z,2.1,30,18
901S00313,2009-04-30T07:00:00Z,4,0,0
901S00469,2009-05-13T07:00:00Z,1.6,2,0
901S00531,2009-05-07T07:00:00Z,2,0,0
901S00531,2009-05-18T07:00:00Z,1.1,2,0
901S00997,2009-05-14T07:00:00Z,0,12,0
901S01705,2009-05-14T07:00:00Z,2.5,2,0
901S01811,2009-05-07T07:00:00Z,1.2,3,0
901S06030,2009-04-30T07:00:00Z,1.7,19,0
901SJC74x,2005-06-10T07:00:00Z,NA,4,0
901SJC74x,2007-05-04T07:00:00Z,1,29,0
901SJC74x,2009-04-22T07:00:00Z,0.6,0,0
901SJMS1x,2008-04-23T07:00:00Z,NA,4.0,0.0
901SJMS1x,2008-05-13T07:00:00Z,NA,3,0
901SJMS1x,2008-06-02T07:00:00Z,NA,1,0
901SJMS1x,2008-06-25T07:00:00Z,NA,0,0
901SJMS1x,2008-07-03T07:00:00Z,NA,0,0
901SJOF1x,2008-04-28T07:00:00Z,NA,3.0,0.0
901SJOF1x,2008-05-16T07:00:00Z,NA,2,0
901SJOF1x,2008-06-05T07:00:00Z,NA,4.0,0.0
901SJOF1x,2008-06-25T07:00:00Z,NA,4,0
901SJOF1x,2008-07-03T07:00:00Z,NA,0,0
901SJSJC9,2008-05-05T07:00:00Z,8.5,6,0
901SJSMT2,2008-05-05T07:00:00Z,3.5,1,0
901SJSMT3,2005-06-07T07:00:00Z,NA,0,0
901SJSMT3,2008-05-08T07:00:00Z,0.9,0,0
901SJSMT3,2009-04-28T07:00:00Z,4,0,0
901TCSMP1,2010-05-25T07:00:00Z,NA,1,0
902ADB848,2018-05-16T07:00:00Z,NA,17,0
902DLCDLM,2008-04-16T07:00:00Z,1.2,1,0
902LMC778,2018-05-24T07:00:00Z,NA,1,0
902LTC777,2018-05-24T07:00:00Z,NA,0,0
902M18901,2018-05-01T07:00:00Z,NA,15,2
902M20161,2015-06-25T07:00:00Z,0.5,18,0
902M20237,2019-06-04T07:00:00Z,1.6,0,0
902M20273,2019-06-12T07:00:00Z,1.1,0,0
902RCWGRx,2005-06-17T07:00:00Z,NA,1,0
902RCWGRx,2007-04-28T07:00:00Z,3.4,7.0,0.0
902RCWGRx,2008-04-15T07:00:00Z,1.1,6,0
902RCWGRx,2009-04-22T07:00:00Z,1.4,0,0
902S00565,2009-04-27T07:00:00Z,1.8,6,0
902S01097,2009-05-11T07:00:00Z,1.2,10,0
902S01097,2017-05-18T07:00:00Z,2.2,4,0
902SMADO2,2007-06-05T07:00:00Z,4.2,33,0
902SMAS1x,2008-04-02T07:00:00Z,NA,6,0
902SMAS1x,2008-04-08T07:00:00Z,NA,0.0,0.0
902SMAS1x,2008-05-12T07:00:00Z,NA,0,0
902SMAS1x,2008-06-02T07:00:00Z,NA,0,0
902SMROB8,2005-06-07T07:00:00Z,NA,0,0
902SMROB8,2007-04-28T07:00:00Z,3.5,8,0
902SMROB8,2008-04-18T07:00:00Z,3,7,0
902SMROB8,2009-04-28T07:00:00Z,2.3,2,0
902SMRWGR,2005-06-17T07:00:00Z,NA,10,0
902SMRWGR,2007-04-28T07:00:00Z,NA,39,0
902SMRWGR,2008-04-16T07:00:00Z,1.1,9,0
902SMRWGR,2009-04-22T07:00:00Z,NA,0,0
902SMSND3,2008-05-06T07:00:00Z,1.1,0,0
902SMSTN1,2007-06-05T07:00:00Z,6.3,2,0
902SMSTN1,2008-05-06T07:00:00Z,2.8,0,0
902USM828,2018-05-30T07:00:00Z,NA,0,0
902WE0888,2015-06-16T07:00:00Z,0.4,13,8
902WE0888,2017-06-14T07:00:00Z,1.3,0,12
902WE0888,2018-05-17T07:00:00Z,1.3,0,0
902WE0888,2019-06-11T07:00:00Z,1.2,0,6
903ACPCT1,2010-05-25T07:00:00Z,NA,9,0
903ACPCT1,2010-06-15T07:00:00Z,NA,1,0
903ACPCT1,2010-06-30T07:00:00Z,NA,6,0
903ACPCT1,2010-07-13T07:00:00Z,NA,3,0
903CVPCT,2010-06-01T07:00:00Z,NA,6,0
903CVPCT,2010-06-15T07:00:00Z,NA,31,0
903CVPCT,2010-06-30T07:00:00Z,NA,21,0
903FCPSPx,2005-06-22T07:00:00Z,NA,0,0
903FCPSPx,2007-04-29T07:00:00Z,1.2,9.0,0.0
903FCPSPx,2008-04-17T07:00:00Z,2.2,0,0
903FCPSPx,2009-04-22T07:00:00Z,4.6,5,0
903FRC,2014-04-08T07:00:00Z,5,0,0
903FRC,2014-05-12T07:00:00Z,5,0,0
903M20124,2015-06-24T07:00:00Z,1.3,17,0
903M20153,2015-06-24T07:00:00Z,1.6,16,0
903M20177,2017-05-03T07:00:00Z,3.1,0,2
903M20208,2017-06-12T07:00:00Z,0.6,1,0
903M20213,2017-06-12T07:00:00Z,1.3,0,0
903M20214,2018-05-08T07:00:00Z,0.2,9,0
903M20230,2018-05-08T07:00:00Z,0.1,3,16
903M20235,2018-06-12T07:00:00Z,0.6,1,0
903M20280,2019-07-01T07:00:00Z,1,10,10
903S02145,2011-07-19T07:00:00Z,1.2,0,3
903SLFRCx,2005-06-09T07:00:00Z,NA,6,0
903SLFRCx,2008-05-07T07:00:00Z,2.5,0,6
903SLFRCx,2009-04-22T07:00:00Z,2.3,6,0
903SLGRD2,2008-05-09T07:00:00Z,1.2,0,0
903SLIRS2,2007-06-06T07:00:00Z,4.3,3,0
903SLIRS2,2008-04-17T07:00:00Z,2.2,6,0
903SLKYS3,2008-05-07T07:00:00Z,1.1,1,0
903SLMSA2,2008-05-09T07:00:00Z,0.8,0,0
903SLSLR3,2005-06-23T07:00:00Z,NA,0,0
903SLSLR3,2007-04-29T07:00:00Z,0.6,27.0,0.0
903SLSLR3,2008-04-17T07:00:00Z,0.7,11,0
903SLSLR3,2009-04-23T07:00:00Z,1,35,0
903WE0798,2005-06-22T07:00:00Z,NA,0,0
903WE0798,2009-04-28T07:00:00Z,2.8,14,0
904AHC004,2008-05-06T07:00:00Z,0.4,0,0
904CBESC5,2009-04-23T07:00:00Z,3.4,2,0
904CBESC6,2005-06-16T07:00:00Z,NA,2,0
904CBESC6,2007-04-30T07:00:00Z,1,9,0
904CBESC6,2008-04-15T07:00:00Z,1.5,0,1
904CBESC8,2008-05-09T07:00:00Z,1.1,52,0
904M21713,2015-06-26T07:00:00Z,0.5,3,0
904M21720,2015-06-25T07:00:00Z,5.7,2,0
904M21761,2019-06-03T07:00:00Z,2.1,1,0
904M21764,2018-04-17T07:00:00Z,NA,32,0
904M21782,2019-06-11T07:00:00Z,0.5,0,0
904M21784,2019-06-18T07:00:00Z,0.8,0,0
904PS0034,2008-05-13T07:00:00Z,0.8,35,0
904S00537,2009-05-04T07:00:00Z,3,42,0
904WE1125,2015-06-22T07:00:00Z,0.8,2,0
904WE1125,2017-04-25T07:00:00Z,NA,1,0
904WE1125,2018-05-29T07:00:00Z,NA,1,0
904WE1125,2019-06-17T07:00:00Z,0.8,0,1
905BCC,2014-04-11T07:00:00Z,4.5,0,0
905BCC,2014-05-13T07:00:00Z,4.5,1,0
905BCC,2014-06-11T07:00:00Z,4.5,1,0
905BCN1xx,2008-04-19T07:00:00Z,1.8,15,0
905BMCCGx,2005-06-09T07:00:00Z,NA,6,0
905BMCCGx,2008-04-19T07:00:00Z,4.1,1,0
905BMCCGx,2009-04-21T07:00:00Z,6.4,20,0
905DGCC1x,2010-06-02T07:00:00Z,NA,0,0
905DGCC1x,2010-06-16T07:00:00Z,NA,1,0
905DGCC1x,2010-06-29T07:00:00Z,NA,0,0
905DGSY1x,2008-04-10T07:00:00Z,NA,11.0,0.0
905DGSY1x,2008-04-24T07:00:00Z,NA,14,0
905DGSY1x,2008-05-14T07:00:00Z,NA,13,0
905DGSY1x,2008-06-03T07:00:00Z,NA,12,0
905DGSY1x,2008-06-24T07:00:00Z,NA,6,0
905DGSY1x,2008-07-02T07:00:00Z,NA,6,0
905DGSY1x,2008-07-09T07:00:00Z,NA,2,0
905DGSY1x,2008-07-16T07:00:00Z,NA,3,0
905DGSY1x,2010-06-01T07:00:00Z,NA,1,0
905DGSY1x,2010-06-14T07:00:00Z,NA,14,0
905DGSY1x,2010-06-29T07:00:00Z,NA,8,0
905DGSY1x,2010-07-20T07:00:00Z,NA,0,0
905DGSY1x,2010-08-19T07:00:00Z,NA,27,0
905DGUT1x,2010-06-02T07:00:00Z,NA,1,0
905DGUT1x,2010-06-16T07:00:00Z,NA,0,0
905DGUT1x,2010-06-29T07:00:00Z,NA,1,0
905DGUT1x,2010-07-13T07:00:00Z,NA,0,0
905KCCSDx,2008-04-14T07:00:00Z,1.1,4,2
905M21721,2015-06-26T07:00:00Z,0.4,28,22
905PS0026,2008-05-13T07:00:00Z,2.2,24,0
905PS0026,2017-05-04T07:00:00Z,NA,1,0
905PS0026,2019-05-07T07:00:00Z,2.3,2,0
905S01953,2009-04-29T07:00:00Z,2,2,0
905SDBDN9,2009-04-21T07:00:00Z,4.8,6,0
905SDGVC2,2008-04-14T07:00:00Z,2.1,8,33
905SDGVC2,2009-04-27T07:00:00Z,2,10,0
905SDISS2,2008-05-08T07:00:00Z,33.9,7,0
905SDYSA7,2008-05-06T07:00:00Z,1.4,6,0
905WE0679,2005-06-16T07:00:00Z,NA,4,0
905WE1018,2015-06-09T07:00:00Z,1.7,15,0
906CCECRx,2005-06-16T07:00:00Z,NA,3,2
906CCECRx,2007-04-30T07:00:00Z,3,4,3
906CCECRx,2009-04-22T07:00:00Z,3.8,7.0,2.0
906LPLPC6,2008-05-07T07:00:00Z,0.4,37,0
906LPRSC4,2008-05-07T07:00:00Z,2.5,0,0
906M21754,2018-04-10T07:00:00Z,2,2,0
906M21770,2018-05-29T07:00:00Z,NA,16,0
906M21774,2019-05-07T07:00:00Z,1,12,2
906M23302,2015-06-23T07:00:00Z,0.5,0,11
906M23318,2015-04-28T07:00:00Z,0.4,2,13
906M23361,2019-04-29T07:00:00Z,1.1,0,1
906M23380,2019-06-04T07:00:00Z,0.9,8,4
906S02902,2011-08-02T07:00:00Z,0.3,25,2
907BCT,2014-04-17T07:00:00Z,13.4,0,0
907BCT,2014-05-14T07:00:00Z,13.4,0,0
907CCCR02,2008-05-08T07:00:00Z,3.3,2,0
907CCCR02,2009-04-21T07:00:00Z,2.4,26,0
907CONECR,2005-06-15T07:00:00Z,NA,0,0
907CONECR,2007-05-03T07:00:00Z,1,4,0
907CONECR,2008-04-17T07:00:00Z,5.5,7,0
907CONECR,2009-04-29T07:00:00Z,7.2,7,0
907M23325,2015-04-25T07:00:00Z,0.2,0,0
907M23342,2017-06-13T07:00:00Z,4.8,1,2
907M23343,2017-06-27T07:00:00Z,3.9,0,1
907M23346,2017-06-15T07:00:00Z,2,0,0
907M23349,2018-05-09T07:00:00Z,1,1,10
907M23367,2018-05-29T07:00:00Z,1.2,0,0
907M23373,2018-05-17T07:00:00Z,NA,77,0
907M23379,2018-05-30T07:00:00Z,1,0,0
907M23385,2019-06-25T07:00:00Z,0.9,1,0
907M23401,2019-06-13T07:00:00Z,2.1,1,0
907M23405,2019-05-20T07:00:00Z,1.7,1,1
907S00577,2009-05-12T07:00:00Z,6.4,1,0
907S01418,2009-05-12T07:00:00Z,5.8,0,0
907S01434,2009-05-13T07:00:00Z,7.2,5,0
907S11430,2012-07-12T07:00:00Z,2,2,0
907SDBOC2,2005-06-09T07:00:00Z,NA,10,0
907SDBOC2,2007-05-01T07:00:00Z,1.6,1,0
907SDBOC2,2008-04-16T07:00:00Z,2.5,21,0
907SDBOC2,2009-04-24T07:00:00Z,2,11,0
907SDCHC3,2008-05-08T07:00:00Z,1.6,10,0
907SDFRC2,2008-05-05T07:00:00Z,0.2,10,0
907SDSVC3,2005-06-16T07:00:00Z,NA,0,0
907SDSVC3,2007-04-30T07:00:00Z,2,15,0
907SDSVC3,2008-04-17T07:00:00Z,2.6,17,0
907SDSVC3,2009-04-21T07:00:00Z,1.4,15,0
907SRSD1x,2008-04-11T07:00:00Z,NA,2.0,0.0
907SRSD1x,2008-07-02T07:00:00Z,NA,0,0
907SRSD1x,2008-07-09T07:00:00Z,NA,0,0
907SRSD1x,2010-06-01T07:00:00Z,NA,1,0
907SRSD1x,2010-06-15T07:00:00Z,NA,11,0
907SRSD1x,2010-06-29T07:00:00Z,NA,10,0
907SRSD1x,2010-07-13T07:00:00Z,NA,9,0
907SSDR11,2008-05-05T07:00:00Z,4.3,4,0
908CCTNFA,2005-11-15T08:00:00Z,2.0,12.0,0.0
908CLCANB,2005-11-15T08:00:00Z,0.4,26.0,0.0
908PPAR04,2005-11-15T08:00:00Z,1.0,4.0,0.0
909CCCSPx,2005-06-09T07:00:00Z,NA,5,0
909CCCSPx,2005-11-16T08:00:00Z,5.8,4,0
909CCCSPx,2007-05-03T07:00:00Z,2.1,2,0
909CCCSPx,2008-04-16T07:00:00Z,3.6,10,0
909CCCSPx,2009-04-20T07:00:00Z,4.3,15,0
909M24923,2015-05-07T07:00:00Z,0.2,35,33
909S00282,2009-06-09T07:00:00Z,1.5,4,0
909S14218,2012-07-11T07:00:00Z,1.8,0,0
909SHAR02,2008-05-08T07:00:00Z,4.2,16,0
909SLAW02,2005-11-16T08:00:00Z,0.1,11,0
909SLAW02,2008-05-06T07:00:00Z,0.7,45,0
909SSWR01,2008-04-16T07:00:00Z,1.1,59,0
909SSWR02,2005-11-16T08:00:00Z,1.4,14.0,1.0
909SSWR03,2005-06-15T07:00:00Z,NA,0,0
909SSWR03,2007-05-04T07:00:00Z,2.4,1,0
909SSWR03,2008-04-20T07:00:00Z,1.4,32,0
909SSWR03,2009-04-20T07:00:00Z,3.1,8,0
909SSWR08,2005-11-15T08:00:00Z,1,28,4
909SSWR08,2008-05-05T07:00:00Z,NA,45,0
909SSWR1a,2005-06-15T07:00:00Z,NA,1,0
909SSWR1a,2007-05-03T07:00:00Z,2.7,1,0
909SSWR1a,2009-04-20T07:00:00Z,1.3,28,0
909SWR94x,2005-11-17T08:00:00Z,0.6,27.0,0.0
909TCCAHP,2005-11-15T08:00:00Z,1.4,NA,NA
909WE0662,2005-06-15T07:00:00Z,NA,1,0
909WE0662,2015-06-22T07:00:00Z,1.6,4,0
909WE0662,2017-05-05T07:00:00Z,NA,12,3
909WE0662,2018-06-14T07:00:00Z,NA,6,0
910DZRA03,2008-05-06T07:00:00Z,2.4,7,0
910OTJMC4,2008-04-14T07:00:00Z,4.1,10,0
910OTJMC4,2009-04-24T07:00:00Z,0.5,11,0
910OTPOG3,2008-04-14T07:00:00Z,14.0,17.0,0.0
911CCH80x,2005-06-14T07:00:00Z,NA,6,0
911CCH80x,2008-04-15T07:00:00Z,4.4,15.0,0.0
911CCH80x,2009-04-23T07:00:00Z,3.4,30,0
911LAP,2014-04-09T07:00:00Z,0.6,6,0
911M24913,2015-04-23T07:00:00Z,0.3,50,10
911M24916,2015-04-23T07:00:00Z,0.6,5,30
911M24949,2018-04-11T07:00:00Z,NA,10,0
911M24957,2018-05-17T07:00:00Z,NA,10,0
911NCPCR2,2009-03-25T07:00:00Z,NA,0,0
911NCPCR2,2009-04-28T07:00:00Z,NA,2,0
911NCPCR2,2009-05-27T07:00:00Z,2.5,24,0
911NCPCR2,2010-05-24T07:00:00Z,NA,10,0
911NCPCR2,2010-06-14T07:00:00Z,NA,20,0
911NCPCR2,2010-06-30T07:00:00Z,NA,10,0
911NCPCR2,2010-07-20T07:00:00Z,NA,5,0
911NCPCR2,2010-08-19T07:00:00Z,NA,29,0
911NCPCRx,2005-06-08T07:00:00Z,NA,22,0
911NCPCRx,2007-05-02T07:00:00Z,1.7,10,0
911NCPCRx,2007-06-05T07:00:00Z,2.8,24,0
911NCPCRx,2008-04-18T07:00:00Z,3.6,35,0
911NCPCRx,2009-04-23T07:00:00Z,2.3,31,0
911PCH80x,2005-11-16T08:00:00Z,1.8,6.0,0.0
911PCH80x,2008-04-15T07:00:00Z,1.9,34,0
911S00538,2009-05-05T07:00:00Z,2.4,3,0
911S01818,2009-05-06T07:00:00Z,1.2,21,0
911S02058,2009-05-05T07:00:00Z,3.9,4,0
911S03354,2009-05-05T07:00:00Z,1.6,8,0
911S04086,2009-05-06T07:00:00Z,1.8,32,0
911TCAM01,2008-05-07T07:00:00Z,1.6,87,0
911TCCTCx,2005-06-15T07:00:00Z,NA,11,0
911TCCTCx,2007-06-06T07:00:00Z,2.7,40,2
911TCCTCx,2008-04-15T07:00:00Z,3.0,50.0,0.0
911TCCTCx,2009-04-22T07:00:00Z,2.4,55,0
911TJIND2,2007-06-05T07:00:00Z,4.1,29,0
911TJIND2,2008-05-08T07:00:00Z,4.6,11,0
911TJKTC5,2008-05-07T07:00:00Z,1.5,36,0
911TJLAP4,2005-06-08T07:00:00Z,NA,70,0
911TJLAP4,2005-11-16T08:00:00Z,2.4,53,0
911TJLAP4,2007-05-02T07:00:00Z,NA,20,0
911TJLAP4,2009-04-22T07:00:00Z,1.2,84,0
911TJLCC2,2007-06-06T07:00:00Z,7.7,33,0
911TJLCC2,2008-05-07T07:00:00Z,9.5,23,0
911TJNPC2,2005-06-08T07:00:00Z,NA,28,0
911TJNPC2,2007-05-02T07:00:00Z,NA,3,0
911TJNPC2,2007-06-05T07:00:00Z,3,31,0
911TJNPC2,2008-04-18T07:00:00Z,1.7,28,0
911TJNPC2,2009-04-23T07:00:00Z,1.5,30,0
911TJPC2x,2010-05-24T07:00:00Z,NA,24,0
911TJPC2x,2010-06-14T07:00:00Z,NA,20,0
911TJPC2x,2010-07-01T07:00:00Z,NA,16,0
911TJWIL3,2008-05-06T07:00:00Z,3,5,0
911TTJR01,2005-11-17T08:00:00Z,1.1,33.0,0.0
911TTJR01,2008-05-05T07:00:00Z,1.2,40,0
LALT500,2009-06-22T07:00:00Z,0.2,1,0
LALT500,2010-07-15T07:00:00Z,0.1,1,0
LALT500,2011-06-27T07:00:00Z,0.1,1,0
LALT500,2012-06-22T07:00:00Z,0.1,1,0
LALT500,2013-06-20T07:00:00Z,0.1,0,0
LALT500,2015-07-01T07:00:00Z,0.2,2,0
LALT500,2018-07-03T07:00:00Z,0.1,0,0
LALT501,2009-06-22T07:00:00Z,1.1,0,0
LALT501,2010-07-15T07:00:00Z,1.1,3,0
LALT501,2011-06-27T07:00:00Z,1.1,0,0
LALT501,2012-06-21T07:00:00Z,1.1,0,0
LALT501,2013-06-19T07:00:00Z,0.9,0,0
LALT501,2015-07-01T07:00:00Z,0.9,0,0
LALT501,2018-07-03T07:00:00Z,0.8,0,0
LALT502,2009-06-22T07:00:00Z,0.9,50,12
LALT502,2010-07-15T07:00:00Z,0.2,22,7
LALT502,2011-06-27T07:00:00Z,0.2,20,40
LALT502,2012-06-22T07:00:00Z,0.2,31,23
LALT502,2013-06-20T07:00:00Z,0.1,42,27
LALT502,2018-06-27T07:00:00Z,0.1,46,2
LALT503,2010-07-15T07:00:00Z,0.5,1,0
LALT503,2011-06-27T07:00:00Z,0.2,0,0
LALT503,2012-06-21T07:00:00Z,0.5,0,0
LALT503,2013-06-19T07:00:00Z,0.3,0,0
LALT503,2015-06-30T07:00:00Z,0.4,0,0
LALT503,2018-06-20T07:00:00Z,0.4,0,0
ME-CC,2010-07-12T07:00:00Z,0.7,5,0
ME-CC,2011-07-07T07:00:00Z,0.5,9,0
ME-CC,2013-06-12T07:00:00Z,0.3,5,0
ME-CC,2015-06-24T07:00:00Z,0,6,0
ME-CC,2016-07-12T07:00:00Z,0.4,4,0
ME-CC,2017-05-30T07:00:00Z,0.3,8,0
ME-CC,2018-06-28T07:00:00Z,0.3,2,0
ME-CC,2019-07-25T07:00:00Z,0.1,30,0
ME-SCR,2010-06-21T07:00:00Z,1.6,19,0
ME-SCR,2011-07-13T07:00:00Z,0.1,18,0
ME-SCR,2013-06-12T07:00:00Z,0.1,34,0
ME-SCR,2015-06-17T07:00:00Z,0.6,57,0
ME-SCR,2016-06-15T07:00:00Z,1.1,91,0
ME-SCR,2017-05-25T07:00:00Z,NA,45,0
ME-SCR,2018-07-11T07:00:00Z,NA,55,0
ME-VR2,2010-07-07T07:00:00Z,0,10,1
ME-VR2,2011-07-06T07:00:00Z,0.8,1,19
ME-VR2,2013-06-24T07:00:00Z,0.8,30,0
ME-VR2,2015-06-11T07:00:00Z,0.8,17,0
ME-VR2,2016-07-19T07:00:00Z,NA,43,11
ME-VR2,2017-06-21T07:00:00Z,0.8,1,1
ME-VR2,2018-06-14T07:00:00Z,0.8,11,32
ME-VR2,2019-07-31T07:00:00Z,0.4,7,0
SGLT506,2010-07-06T07:00:00Z,0.7,9,0
SGLT506,2011-06-30T07:00:00Z,0.3,13,0
SGLT506,2012-06-18T07:00:00Z,0.9,9,0
SGLT506,2013-06-26T07:00:00Z,0.5,5,0
SGLT506,2015-07-14T07:00:00Z,0.8,3,0
SGLT506,2018-07-02T07:00:00Z,0.3,0,1
SGUR103,2010-07-22T07:00:00Z,14.5,0,0
SGUR103,2011-08-03T07:00:00Z,16.1,0,0
SGUT501,2010-07-07T07:00:00Z,3.4,0,0
SGUT501,2011-06-29T07:00:00Z,2.4,0,0
SGUT501,2012-06-19T07:00:00Z,2.9,0,0
SGUT501,2013-06-25T07:00:00Z,2.9,0,0
SGUT501,2015-07-14T07:00:00Z,2.4,7,0
SGUT502,2009-05-13T07:00:00Z,2.8,6,0
SGUT502,2010-05-27T07:00:00Z,NA,0,0
SGUT502,2011-06-28T07:00:00Z,4.1,0,0
SGUT502,2013-07-01T07:00:00Z,3.9,1,0
SGUT503,2009-05-08T07:00:00Z,1,8,0
SGUT503,2010-05-27T07:00:00Z,NA,1,0
SGUT503,2011-07-27T07:00:00Z,3.8,7,0
SGUT503,2013-07-08T07:00:00Z,5.4,10,0
SGUT503,2015-07-08T07:00:00Z,NA,16,0
SGUT504,2010-07-07T07:00:00Z,1.9,0,0
SGUT504,2011-06-30T07:00:00Z,1,5,0
SGUT504,2012-06-19T07:00:00Z,1.5,17,0
SGUT504,2013-06-26T07:00:00Z,1.1,32,0
SGUT504,2015-07-13T07:00:00Z,1.3,0,0
SGUT505,2010-07-08T07:00:00Z,2.2,3,0
SGUT505,2011-06-29T07:00:00Z,1.3,0,0
SGUT505,2012-06-18T07:00:00Z,2.3,0,0
SGUT505,2013-06-25T07:00:00Z,1.1,0,0
SGUT505,2015-07-13T07:00:00Z,1.5,0,0
Site 19,2010-07-10T07:00:00Z,0.1,0,0
Site 6,2010-07-08T07:00:00Z,3.7,0,0
Site 7,2010-07-06T07:00:00Z,2.2,26,6
SMC00080,2011-06-13T07:00:00Z,5.3,0,0
SMC00080,2012-06-06T07:00:00Z,6.3,2,0
SMC00105,2009-05-12T07:00:00Z,NA,0,0
SMC00105,2016-04-28T07:00:00Z,4.5,43,0
SMC00105,2017-04-12T07:00:00Z,5.4,0,0
SMC00105,2019-05-10T07:00:00Z,4.7,3,0
SMC00153,2009-06-08T07:00:00Z,0.8,37,0
SMC00198,2009-05-20T07:00:00Z,NA,6,14
SMC00198,2014-07-09T07:00:00Z,0.8,0,30
SMC00206,2009-05-18T07:00:00Z,0.5,38,0
SMC00206,2015-06-16T07:00:00Z,4.1,1,0
SMC00206,2016-05-17T07:00:00Z,NA,2,0
SMC00206,2017-06-22T07:00:00Z,1.8,0,0
SMC00206,2019-06-04T07:00:00Z,1.8,25,0
SMC00208,2017-07-21T07:00:00Z,0.8,0,0
SMC00236,2017-05-02T07:00:00Z,NA,0,0
SMC00254,2017-06-29T07:00:00Z,0.2,0,0
SMC00288,2017-06-14T07:00:00Z,5.5,0,0
SMC00318,2010-06-15T07:00:00Z,0.4,0,0
SMC00318,2019-08-07T07:00:00Z,0.1,1,0
SMC00345,2011-07-19T07:00:00Z,0.6,14,2
SMC00382,2009-06-23T07:00:00Z,0,3,0
SMC00428,2010-07-22T07:00:00Z,3.9,0,0
SMC00428,2011-08-03T07:00:00Z,2.6,0,0
SMC00428,2012-07-18T07:00:00Z,3.6,0,0
SMC00428,2013-07-10T07:00:00Z,1.5,0,0
SMC00428,2017-07-19T07:00:00Z,3.5,0,0
SMC00436,2009-05-26T07:00:00Z,0.6,12,0
SMC00436,2017-05-31T07:00:00Z,NA,0,0
SMC00440,2009-05-20T07:00:00Z,2.1,11,0
SMC00440,2018-05-23T07:00:00Z,2.6,0,0
SMC00446,2010-07-01T07:00:00Z,NA,62,0
SMC00457,2009-06-04T07:00:00Z,NA,0,0
SMC00464,2009-05-08T07:00:00Z,2,2,0
SMC00464,2017-07-21T07:00:00Z,1.4,3,0
SMC00473,2009-06-03T07:00:00Z,0.8,36,0
SMC00476,2009-06-08T07:00:00Z,7.7,0,0
SMC00479,2011-07-13T07:00:00Z,0.9,1,0
SMC00480,2009-05-13T07:00:00Z,4.7,0,0
SMC00520,2009-05-19T07:00:00Z,1.6,10,0
SMC00520,2011-08-05T07:00:00Z,2.2,0,0
SMC00520,2012-06-12T07:00:00Z,2,0,0
SMC00520,2015-08-26T07:00:00Z,2.5,0,0
SMC00520,2016-06-14T07:00:00Z,NA,14,4
SMC00520,2017-04-25T07:00:00Z,2.8,13,0
SMC00544,2011-06-22T07:00:00Z,5.6,0,3
SMC00544,2017-06-14T07:00:00Z,5.1,0,0
SMC00574,2017-05-03T07:00:00Z,NA,0,0
SMC00608,2011-06-27T07:00:00Z,1.3,0,0
SMC00608,2017-05-02T07:00:00Z,1.2,0,0
SMC00632,2011-06-13T07:00:00Z,0.3,6,0
SMC00665,2011-07-27T07:00:00Z,0.3,17,0
SMC00670,2009-05-21T07:00:00Z,0.3,0,0
SMC00670,2015-06-23T07:00:00Z,0.3,1,0
SMC00684,2011-06-27T07:00:00Z,0.8,0,0
SMC00686,2011-06-27T07:00:00Z,1.1,18,0
SMC00702,2011-07-19T07:00:00Z,0.3,7,0
SMC00702,2019-06-06T07:00:00Z,0.2,0,0
SMC00710,2009-05-20T07:00:00Z,0.2,0,0
SMC00729,2009-06-03T07:00:00Z,1.2,41,0
SMC00748,2011-06-21T07:00:00Z,0.8,0,0
SMC00766,2011-07-11T07:00:00Z,0.4,25,0
SMC00827,2009-06-15T07:00:00Z,1.2,10,0
SMC00830,2011-06-21T07:00:00Z,4,0,0
SMC00857,2011-07-13T07:00:00Z,0.1,12,0
SMC00873,2009-05-19T07:00:00Z,1.5,1,0
SMC00873,2015-04-23T07:00:00Z,1.1,5,0
SMC00873,2016-04-25T07:00:00Z,NA,0,0
SMC00873,2017-04-12T07:00:00Z,3.3,0,0
SMC00873,2019-05-10T07:00:00Z,2.2,0,1
SMC00899,2011-07-12T07:00:00Z,0.7,0,0
SMC00910,2009-04-30T07:00:00Z,0.9,10,0
SMC00924,2009-06-09T07:00:00Z,2.1,2,0
SMC00924,2011-06-20T07:00:00Z,2.4,2,0
SMC00924,2012-06-12T07:00:00Z,2.1,0,0
SMC00924,2016-06-08T07:00:00Z,NA,0,0
SMC00924,2017-05-24T07:00:00Z,2.5,1,0
SMC00926,2010-06-28T07:00:00Z,1,70,0
SMC00958,2011-07-19T07:00:00Z,0.2,0,0
SMC00963,2010-06-17T07:00:00Z,0.9,2,0
SMC01004,2009-05-26T07:00:00Z,1.3,0,0
SMC01004,2019-07-15T07:00:00Z,1,3,0
SMC01040,2009-06-09T07:00:00Z,2.8,0,0
SMC01046,2009-05-21T07:00:00Z,0.9,6,2
SMC01049,2014-07-09T07:00:00Z,1.6,64,0
SMC01096,2010-06-07T07:00:00Z,1.8,0,0
SMC01096,2016-06-14T07:00:00Z,NA,21,0
SMC01151,2009-06-17T07:00:00Z,0.2,7,0
SMC01155,2009-05-12T07:00:00Z,0.7,10,0
SMC01158,2009-05-20T07:00:00Z,0.8,61,0
SMC01164,2011-06-24T07:00:00Z,2.3,0,1
SMC01174,2011-07-20T07:00:00Z,0.2,38,3
SMC01196,2010-07-14T07:00:00Z,1.7,1,0
SMC01208,2010-06-08T07:00:00Z,0.2,0,0
SMC01215,2011-07-13T07:00:00Z,1.1,16,0
SMC01248,2011-07-26T07:00:00Z,17.9,4,0
SMC01257,2011-06-16T07:00:00Z,2.1,1,7
SMC01258,2009-05-27T07:00:00Z,1.2,43,0
SMC01260,2012-07-16T07:00:00Z,0.3,0,0
SMC01278,2016-06-23T07:00:00Z,0.1,19,0
SMC01278,2017-07-19T07:00:00Z,0.1,0,0
SMC01320,2010-06-07T07:00:00Z,1.3,0,0
SMC01341,2009-06-22T07:00:00Z,0.4,0,0
SMC01358,2011-06-21T07:00:00Z,0.1,0,0
SMC01372,2010-07-13T07:00:00Z,0.5,0,0
SMC01384,2015-06-30T07:00:00Z,1.2,6,0
SMC01384,2018-06-19T07:00:00Z,0.8,1,0
SMC01384,2019-07-08T07:00:00Z,0.8,0,0
SMC01413,2012-07-09T07:00:00Z,1.5,7,0
SMC01424,2009-07-01T07:00:00Z,3.6,3,0
SMC01452,2010-07-15T07:00:00Z,1.1,26,0
SMC01454,2012-07-16T07:00:00Z,1.3,0,0
SMC01464,2012-06-07T07:00:00Z,1.9,5,0
SMC01504,2011-06-28T07:00:00Z,5.3,0,1
SMC01512,2010-06-23T07:00:00Z,0.2,0,0
SMC01544,2010-07-14T07:00:00Z,0.8,13,0
SMC01544,2016-06-14T07:00:00Z,NA,7,0
SMC01555,2011-06-23T07:00:00Z,1.1,0,0
SMC01567,2010-06-09T07:00:00Z,1.2,2,0
SMC01606,2009-05-26T07:00:00Z,0.9,37,0
SMC01640,2015-06-30T07:00:00Z,0.9,0,0
SMC01640,2018-06-19T07:00:00Z,0.9,0,0
SMC01640,2019-07-08T07:00:00Z,1.1,0,0
SMC01656,2012-06-06T07:00:00Z,1.3,10,0
SMC01662,2012-07-09T07:00:00Z,1.1,0,0
SMC01676,2010-07-03T07:00:00Z,0.6,2,0
SMC01684,2009-06-03T07:00:00Z,0.8,4,0
SMC01689,2012-07-05T07:00:00Z,0.4,6,0
SMC01692,2011-06-20T07:00:00Z,1.6,0,0
SMC01694,2010-06-28T07:00:00Z,0,9,0
SMC01716,2010-06-08T07:00:00Z,0.5,0,0
SMC01717,2009-05-28T07:00:00Z,1.3,1,0
SMC01726,2010-06-30T07:00:00Z,0.3,0,0
SMC01726,2019-06-06T07:00:00Z,0.2,2,0
SMC01748,2009-06-03T07:00:00Z,0.2,3,0
SMC01772,2012-07-11T07:00:00Z,2.1,0,0
SMC01808,2011-06-13T07:00:00Z,2.4,0,0
SMC01808,2019-07-09T07:00:00Z,3.2,1,0
SMC01824,2012-06-21T07:00:00Z,1.1,0,0
SMC01860,2009-05-28T07:00:00Z,0.5,14,0
SMC01881,2013-07-09T07:00:00Z,0.1,52,0
SMC01902,2012-07-16T07:00:00Z,0.6,0,0
SMC01909,2009-06-09T07:00:00Z,1.2,10,0
SMC01909,2014-07-10T07:00:00Z,0.8,0,0
SMC01912,2012-07-12T07:00:00Z,0.7,0,0
SMC01923,2011-07-12T07:00:00Z,0.4,0,0
SMC01934,2012-06-15T07:00:00Z,0.2,0,0
SMC01960,2010-06-23T07:00:00Z,0.2,3,0
SMC01962,2014-07-17T07:00:00Z,0.2,53,0
SMC01972,2010-06-07T07:00:00Z,0.8,0,0
SMC01979,2011-07-14T07:00:00Z,5,0,0
SMC01982,2013-06-25T07:00:00Z,1.6,1,0
SMC01987,2012-06-15T07:00:00Z,0.6,2,0
SMC01990,2009-05-21T07:00:00Z,1.5,1,0
SMC01990,2014-07-08T07:00:00Z,0.8,0,1
SMC02006,2009-05-26T07:00:00Z,0.3,8,0
SMC02028,2012-07-12T07:00:00Z,1.5,0,0
SMC02075,2012-07-17T07:00:00Z,1.9,5,0
SMC02088,2011-06-14T07:00:00Z,0.8,0,0
SMC02088,2018-06-18T07:00:00Z,1,12,0
SMC02092,2011-06-14T07:00:00Z,0.9,0,0
SMC02092,2018-06-18T07:00:00Z,1.4,11,0
SMC02127,2009-06-04T07:00:00Z,1.1,37,0
SMC02152,2010-07-14T07:00:00Z,0.9,2,0
SMC02174,2013-05-29T07:00:00Z,1.4,0,0
SMC02206,2011-07-19T07:00:00Z,0.8,6,0
SMC02208,2013-05-29T07:00:00Z,0.9,4,0
SMC02228,2009-06-23T07:00:00Z,0.7,0,0
SMC02232,2013-06-03T07:00:00Z,0.8,0,0
SMC02270,2010-06-30T07:00:00Z,0.6,0,0
SMC02284,2013-05-29T07:00:00Z,0.5,0,0
SMC02302,2013-07-15T07:00:00Z,0.1,7,0
SMC02417,2011-07-20T07:00:00Z,0.5,1,0
SMC02436,2009-05-28T07:00:00Z,0.5,4,0
SMC02452,2011-06-30T07:00:00Z,0.3,5,0
SMC02484,2013-06-05T07:00:00Z,0.5,0,0
SMC02488,2013-06-03T07:00:00Z,1.7,0,0
SMC02536,2011-06-29T07:00:00Z,1.1,0,0
SMC02548,2010-07-09T07:00:00Z,3,0,0
SMC02563,2010-06-24T07:00:00Z,0.4,23,0
SMC02568,2012-06-12T07:00:00Z,1.1,7,0
SMC02568,2018-08-02T07:00:00Z,2.8,2,0
SMC02591,2011-07-21T07:00:00Z,4.1,2,0
SMC02622,2010-06-15T07:00:00Z,0,0,0
SMC02644,2011-06-30T07:00:00Z,1.1,0,10
SMC02712,2012-06-07T07:00:00Z,3.1,1,0
SMC02796,2013-06-18T07:00:00Z,0.7,0,0
SMC02804,2011-06-20T07:00:00Z,0.3,1,0
SMC02884,2010-06-23T07:00:00Z,0.1,9,0
SMC02888,2012-06-26T07:00:00Z,1.9,6,0
SMC02905,2013-07-09T07:00:00Z,0.4,6,0
SMC02936,2013-06-18T07:00:00Z,0.4,30,0
SMC02972,2012-07-18T07:00:00Z,7.7,0,0
SMC02976,2010-07-27T07:00:00Z,3.7,17,0
SMC02984,2010-06-23T07:00:00Z,0,3,0
SMC03011,2013-06-13T07:00:00Z,1.3,0,0
SMC03110,2011-07-26T07:00:00Z,0.4,11,2
SMC03216,2011-07-27T07:00:00Z,12.4,2,0
SMC03222,2012-07-11T07:00:00Z,1,3,0
SMC03268,2009-05-28T07:00:00Z,0.3,0,0
SMC03280,2011-08-11T07:00:00Z,5.9,1,0
SMC03304,2011-06-29T07:00:00Z,0.9,0,0
SMC03390,2017-05-03T07:00:00Z,NA,0,0
SMC03401,2013-07-08T07:00:00Z,0.5,8,0
SMC03438,2012-07-02T07:00:00Z,NA,0,0
SMC03452,2012-06-13T07:00:00Z,12.7,0,0
SMC03510,2011-07-21T07:00:00Z,1,0,0
SMC03510,2014-07-15T07:00:00Z,0.8,38,0
SMC03523,2013-06-11T07:00:00Z,0.5,5,0
SMC03646,2013-06-05T07:00:00Z,0,5,0
SMC03737,2012-07-06T07:00:00Z,0.5,3,0
SMC03929,2012-07-05T07:00:00Z,0.7,11,15
SMC03944,2010-07-12T07:00:00Z,0.7,0,0
SMC03984,2012-06-18T07:00:00Z,1.3,1,0
SMC03984,2018-07-02T07:00:00Z,1.9,0,0
SMC03988,2011-06-29T07:00:00Z,1.9,0,14
SMC04000,2012-07-30T07:00:00Z,2.6,0,1
SMC04008,2012-06-19T07:00:00Z,1,0,5
SMC04047,2009-05-14T07:00:00Z,1.4,1,0
SMC04054,2009-05-27T07:00:00Z,0.5,21,0
SMC04121,2012-07-09T07:00:00Z,0.3,43,3
SMC04132,2012-06-11T07:00:00Z,1.8,9,0
SMC04134,2011-07-26T07:00:00Z,1.7,2,0
SMC04175,2009-06-11T07:00:00Z,0,11,0
SMC04239,2009-06-11T07:00:00Z,1.3,9,0
SMC04264,2010-07-09T07:00:00Z,0.9,1,0
SMC04294,2013-07-11T07:00:00Z,0.7,2,23
SMC04308,2009-06-17T07:00:00Z,2,3,0
SMC04383,2010-06-09T07:00:00Z,2.2,2,0
SMC04399,2009-06-11T07:00:00Z,0.3,37,0
SMC04426,2011-07-25T07:00:00Z,2.3,1,0
SMC04432,2012-06-26T07:00:00Z,6.9,0,0
SMC04441,2013-07-19T07:00:00Z,0.2,53,15
SMC04524,2013-07-09T07:00:00Z,1.8,0,0
SMC04524,2017-06-15T07:00:00Z,2.4,0,0
SMC04532,2012-07-11T07:00:00Z,1.4,1,0
SMC04661,2011-07-18T07:00:00Z,0.7,0,0
SMC04661,2014-07-16T07:00:00Z,1.6,0,0
SMC04670,2017-05-03T07:00:00Z,NA,0,0
SMC04682,2011-07-25T07:00:00Z,3.2,0,0
SMC04749,2009-06-23T07:00:00Z,0.1,43,0
SMC04750,2011-07-05T07:00:00Z,1.1,0,0
SMC04756,2010-07-07T07:00:00Z,0.3,5,0
SMC04795,2011-07-14T07:00:00Z,12.7,1,0
SMC04806,2013-07-11T07:00:00Z,0.4,0,3
SMC04880,2012-06-06T07:00:00Z,1,3,0
SMC04932,2010-07-12T07:00:00Z,0.1,19,0
SMC04934,2013-07-12T07:00:00Z,0.6,43,2
SMC04956,2011-06-23T07:00:00Z,0.4,0,0
SMC04972,2013-07-01T07:00:00Z,3.5,3,0
SMC05017,2013-07-19T07:00:00Z,0.3,0,0
SMC05020,2013-07-15T07:00:00Z,2.1,0,0
SMC05109,2009-06-23T07:00:00Z,0.6,1,0
SMC05146,2012-07-10T07:00:00Z,0.6,4,0
SMC05165,2011-06-22T07:00:00Z,1.3,15,0
SMC05199,2011-07-06T07:00:00Z,1.4,0,0
SMC05230,2012-07-02T07:00:00Z,0.2,5,0
SMC05296,2012-06-26T07:00:00Z,3.3,3,0
SMC05332,2012-06-11T07:00:00Z,3.6,6,0
SMC05379,2012-06-15T07:00:00Z,0.8,12,0
SMC05402,2011-07-28T07:00:00Z,2.7,1,0
SMC05407,2011-07-21T07:00:00Z,2.5,3,1
SMC05423,2010-06-10T07:00:00Z,0.1,40,0
SMC05524,2011-06-30T07:00:00Z,0.2,4,0
SMC05567,2013-06-12T07:00:00Z,0.4,15,0
SMC05640,2013-06-17T07:00:00Z,1.9,3,0
SMC05759,2010-06-21T07:00:00Z,0.7,3,0
SMC05764,2012-06-19T07:00:00Z,0.7,7,0
SMC05848,2013-06-18T07:00:00Z,5.1,10,2
SMC05902,2011-06-28T07:00:00Z,1.6,0,0
SMC05956,2012-06-19T07:00:00Z,0.2,0,2
SMC05968,2013-07-01T07:00:00Z,2.7,15,0
SMC06019,2010-06-17T07:00:00Z,0.7,0,0
SMC06036,2012-06-11T07:00:00Z,1.7,0,0
SMC06044,2013-06-17T07:00:00Z,2,1,0
SMC06079,2013-06-26T07:00:00Z,2.6,15,0
SMC06216,2009-05-26T07:00:00Z,1.2,15,0
SMC06288,2013-07-08T07:00:00Z,5.7,3,0
SMC06298,2012-07-17T07:00:00Z,0.9,10,0
SMC06302,2012-06-28T07:00:00Z,2.1,0,0
SMC06356,2013-06-10T07:00:00Z,3,7,0
SMC06467,2010-06-28T07:00:00Z,2.9,13,0
SMC06612,2013-06-06T07:00:00Z,2.2,1,0
SMC06740,2013-06-10T07:00:00Z,1.1,10,0
SMC06794,2012-07-18T07:00:00Z,1.5,1,0
SMC06863,2011-07-21T07:00:00Z,2.2,10,0
SMC06918,2012-07-16T07:00:00Z,0.4,4,4
SMC07085,2011-06-21T07:00:00Z,0.2,20,0
SMC07126,2012-07-12T07:00:00Z,0.3,33,2
SMC07828,2013-06-06T07:00:00Z,0.4,6,0
SMC08094,2012-06-28T07:00:00Z,0.3,10,0
SMC08150,2014-07-08T07:00:00Z,0.7,2,2
SMC08157,2011-06-22T07:00:00Z,1.8,13,0
SMC08335,2010-07-07T07:00:00Z,0.5,15,0
SMC08414,2012-06-28T07:00:00Z,0.2,0,0
SMC08540,2011-06-23T07:00:00Z,1.1,13,10
SMC08655,2012-06-21T07:00:00Z,3.3,1,0
SMC08660,2013-06-06T07:00:00Z,0.7,10,0
SMC08766,2009-05-26T07:00:00Z,0.2,0,0
SMC08845,2009-06-22T07:00:00Z,0.4,0,0
SMC09091,2013-06-27T07:00:00Z,0.2,33,0
SMC09118,2013-05-22T07:00:00Z,0.3,0,0
SMC09162,2011-08-01T07:00:00Z,0.9,12,0
SMC09174,2012-07-13T07:00:00Z,0.3,39,0
SMC09325,2012-06-21T07:00:00Z,1.9,23,0
SMC10198,2012-07-13T07:00:00Z,0.3,0,0
SMC10756,2013-06-26T07:00:00Z,1.4,6,0
SMC11181,2011-06-21T07:00:00Z,0.1,5,0
SMC11343,2012-06-04T07:00:00Z,0.3,12,0
SMC11384,2011-06-28T07:00:00Z,1.8,0,1
SMC11581,2009-06-29T07:00:00Z,0.8,0,0
SMC11581,2015-05-13T07:00:00Z,1,0,0
SMC11581,2016-05-24T07:00:00Z,1,0,0
SMC11581,2017-05-30T07:00:00Z,1,0,0
SMC11581,2018-06-05T07:00:00Z,1,0,0
SMC11581,2019-06-19T07:00:00Z,1,0,0
SMC11593,2012-06-21T07:00:00Z,0.4,5,0
SMC11727,2010-06-09T07:00:00Z,1.7,7,0
SMC12246,2013-07-23T07:00:00Z,0.5,4,3
SMC12814,2011-07-22T07:00:00Z,2.6,0,1
SMC12862,2011-06-27T07:00:00Z,0.1,0,0
SMC13062,2013-07-23T07:00:00Z,0.2,2,0
SMC13076,2012-06-28T07:00:00Z,1.8,0,0
SMC13187,2013-06-04T07:00:00Z,0.4,1,0
SMC13214,2013-05-22T07:00:00Z,0.3,3,0
SMC13391,2012-06-21T07:00:00Z,1.8,8,0
SMC13402,2013-07-18T07:00:00Z,1.6,0,0
SMC13599,2012-06-04T07:00:00Z,2.8,0,0
SMC13630,2012-06-21T07:00:00Z,0.2,0,0
SMC14099,2013-06-13T07:00:00Z,0.6,14,22
SMC15464,2012-06-15T07:00:00Z,2.9,1,0
SMC15677,2009-06-29T07:00:00Z,0.9,0,0
SMC15678,2013-06-25T07:00:00Z,0.2,0,0
SMC16045,2012-06-28T07:00:00Z,0.2,14,0
SMC16169,2015-06-16T07:00:00Z,1.6,0,0
SMC16266,2011-08-01T07:00:00Z,2.4,6,1
SMC16446,2012-06-21T07:00:00Z,2.1,7,0
SMC16832,2010-06-18T07:00:00Z,0.2,0,0
SMC16892,2012-06-27T07:00:00Z,1.3,3,0
SMC16980,2011-07-06T07:00:00Z,1,0,0
SMC17378,2012-06-27T07:00:00Z,0.6,3,0
SMC17692,2013-06-12T07:00:00Z,0.3,6,7
SMC17918,2013-07-25T07:00:00Z,0.1,28,0
SMC18046,2013-06-24T07:00:00Z,2.2,4,0
SMC18116,2012-06-28T07:00:00Z,1.1,0,0
SMC18169,2011-06-20T07:00:00Z,0.8,40,0
SMC18545,2013-06-25T07:00:00Z,3.8,3,0
SMC18656,2013-06-12T07:00:00Z,1.1,0,0
SMC19228,2012-07-16T07:00:00Z,0.9,0,27
SMC19466,2013-06-17T07:00:00Z,0.6,4,8
SMC19552,2013-07-15T07:00:00Z,0.2,1,2
SMC19697,2013-06-24T07:00:00Z,1,9,0
SMC19809,2013-06-25T07:00:00Z,4.1,1,0
SMC19945,2013-06-25T07:00:00Z,4.5,2,0
SMC20032,2010-06-18T07:00:00Z,0.2,0,0
SMC20092,2013-06-13T07:00:00Z,0.7,0,0
SMC20497,2013-07-16T07:00:00Z,0.3,21,0
SMC20994,2013-06-17T07:00:00Z,2.8,0,0
SMC21371,2011-06-20T07:00:00Z,0.5,9,0
SMC21382,2013-06-13T07:00:00Z,1.2,1,0
SMC21796,2013-06-14T07:00:00Z,0.2,0,0
SMC21822,2010-06-21T07:00:00Z,0.3,21,0
SMC23495,2013-07-16T07:00:00Z,1.1,6,0
SMC24222,2010-06-21T07:00:00Z,0.5,7,0
SMC24921,2012-06-28T07:00:00Z,0.4,35,0
SMC26288,2009-05-12T07:00:00Z,0.7,11,0
SMC26694,2013-07-16T07:00:00Z,0.4,6,2
SMC29064,2012-06-25T07:00:00Z,5.6,14,0
SMC34888,2010-06-24T07:00:00Z,1.3,14,0
SMC35697,2010-06-10T07:00:00Z,1.2,0,0
SMC35837,2012-06-25T07:00:00Z,0.5,20,0
SMC37632,2013-07-31T07:00:00Z,0.5,2,32
SMCR8_196,2009-05-24T07:00:00Z,3.7,3,5
113GAR010,2009-06-10T07:00:00Z,2.2,5,0
113GAR046,2009-06-09T07:00:00Z,0.3,20,0
113GAR062,2009-07-02T07:00:00Z,0.4,10,0
113GAR112,2009-08-06T07:00:00Z,1.1,10,0
205COY610,2008-06-17T07:00:00Z,1.1,NA,NA
206RIC100,2008-05-02T07:00:00Z,NA,0,0
207MTD117,2009-01-08T08:00:00Z,2.2,NA,NA
"801SJR159
",2007-04-20T07:00:00Z,NA,10,0
