StationCode,SampleDate,CSCI,OoverE,MMI,Count,SiteStatus,Flow_SOP,New_Lat,New_Long,RB,masterid,sampleid,ASCI_D,ASCI_H
719ADCNPS,4/19/2014,0.893120949,0.793339808,0.99290209,598,Reference,P,33.7607,-116.5498,7,719ADCNPS,719ADCNPS_2014-04-19_1,NA,NA
719FCA001,6/4/2008,1.062599793,1.068490329,1.056709257,602,Reference,P,33.7606,-116.5492,7,719FCA001,719FCA001_2008-06-04_1,NA,NA
719FCA001,6/4/2008,1.072345984,1.068490329,1.076201639,605,Reference,P,33.7606,-116.5492,7,719FCA001,719FCA001_2008-06-04_1,NA,NA
719FCA001,6/24/2008,1.091254053,1.149921955,1.03258615,642,Reference,P,33.7606,-116.5492,7,719FCA001,719FCA001_2008-06-24_1,NA,NA
719FCA001,6/24/2008,1.109664134,1.068490329,1.150837938,578,Reference,P,33.7606,-116.5492,7,719FCA001,719FCA001_2008-06-24_1,NA,NA
719FCA001,6/24/2008,1.138615384,1.150681893,1.126548876,590,Reference,P,33.7606,-116.5492,7,719FCA001,719FCA001_2008-06-24_1,NA,NA
719FCA001,6/24/2008,1.159416253,1.150681893,1.168150613,571,Reference,P,33.7606,-116.5492,7,719FCA001,719FCA001_2008-06-24_1,NA,NA
719NP7LBC,4/14/2014,0.97969611,0.995561975,0.960818741,586,Reference,P,33.8915,-116.6948,7,719NP7LBC,719NP7LBC_2014-04-14_1,0.827149048,0.826899892
719NP7LBC,3/31/2015,0.938375849,1.081272609,0.766655863,569,Reference,P,33.8915,-116.6948,7,719NP7LBC,719NP7LBC_2015-03-31_1,0.777934801,0.770910738
719TPPSQH,5/15/2013,0.950124916,1.094559693,0.796014652,600,Intermediate,P,33.831,-116.3117,7,719TPPSQH,719TPPSQH_2013-05-15_1,1.149030897,1.21676813
719TPPSQH,4/10/2014,0.889111903,0.949362999,0.789581659,605,Intermediate,P,33.831,-116.3117,7,719TPPSQH,719TPPSQH_2014-04-10_1,1.098722698,1.075033949
719TPPSQH,4/10/2014,0.908304709,1.133651111,0.698537364,576,Intermediate,P,33.831,-116.3117,7,719TPPSQH,719TPPSQH_2014-04-10_1,1.098722698,1.075033949
719TPPSQH,4/14/2015,0.92793376,1.10572867,0.753750612,564,Intermediate,P,33.831,-116.3117,7,719TPPSQH,719TPPSQH_2015-04-14_1,0.851576257,0.992881873
719TPPSQH,4/14/2015,0.905882241,0.982869929,0.81655509,603,Intermediate,P,33.831,-116.3117,7,719TPPSQH,719TPPSQH_2015-04-14_1,0.851576257,0.992881873
719TQCNPS,4/19/2014,0.840114371,0.740161444,0.940067298,590,Reference,P,33.8051,-116.5593,7,719TQCNPS,719TQCNPS_2014-04-19_1,NA,NA
719TRMDSS,5/15/2013,1.094417614,1.342315787,0.86702057,588,Reference,P,33.8403,-116.6136,7,719TRMDSS,719TRMDSS_2013-05-15_1,0.860736145,0.895247148
719TRMDSS,4/8/2014,1.02132444,0.894877191,1.154959966,549,Reference,P,33.8403,-116.6136,7,719TRMDSS,719TRMDSS_2014-04-08_1,0.864661887,0.78654049
719TRMDSS,3/31/2015,0.905958789,1.081309939,0.736571221,604,Reference,P,33.8403,-116.6136,7,719TRMDSS,719TRMDSS_2015-03-31_1,0.969627435,0.934968615
719WE0864,5/8/2001,0.86513348,0.74375607,0.986510889,885,Reference,P,33.7607,-116.5499,7,719WE0864,719WE0864_2001-05-08_1,NA,NA
719WE0864,5/8/2001,0.906724707,0.826395633,0.987053782,509,Reference,P,33.7607,-116.5499,7,719WE0864,719WE0864_2001-05-08_1,NA,NA
719WE0864,5/8/2001,0.958117623,0.986911287,0.92932396,487,Reference,P,33.7607,-116.5499,7,719WE0864,719WE0864_2001-05-08_1,NA,NA
R5BIO-314,7/14/2000,1.189163828,1.347907659,1.030419997,506,Reference,P,34.0633,-116.8202,7,NA,R5BIO-314_2000-07-14_1,NA,NA
719WWRAEF,6/9/2010,0.8588491,0.842442287,0.875255912,259,Reference,P,34.0633,-116.8202,7,719WWRAEF,719WWRAEF_2010-06-09_1,1.031419382,0.993090143
719WWRAEF,6/9/2010,0.916993854,1.010930744,0.823056963,299,Reference,P,34.0633,-116.8202,7,719WWRAEF,719WWRAEF_2010-06-09_1,1.031419382,0.993090143
722PS0535,5/26/2009,0.75569498,0.729785636,0.781604325,593,Intermediate,P,33.3695,-116.4226,7,722PS0535,722PS0535_2009-05-26_1,0.699254715,0.808918061
722PS0535,4/16/2014,0.847824227,0.992508465,0.68124642,473,Intermediate,P,33.3695,-116.4226,7,722PS0535,722PS0535_2014-04-16_1,0.704620224,0.738763772
722PS0535,4/16/2014,0.974625394,1.123869879,0.814445319,564,Intermediate,P,33.3695,-116.4226,7,722PS0535,722PS0535_2014-04-16_1,0.704620224,0.738763772
722PS0535,4/8/2015,0.891223676,1.138465592,0.61413307,583,Intermediate,P,33.3691,-116.4222,7,722PS0535,722PS0535_2015-04-08_1,0.588996532,0.774537119
901CSCADC,5/26/2011,1.050200761,0.954334039,1.146067484,607,Reference,P,33.4939,-117.4303,9,901CSCADC,901CSCADC_2011-05-26_1,1.156393223,1.201707549
901SCCA74,3/7/2013,0.962419175,0.907699308,1.017139041,553,Reference,P,33.6185,-117.5098,9,901SCCA74,901SCCA74_2013-03-07_1,NA,NA
902ASTRLC,4/3/2013,1.0267,1.09,0.98,610,Reference,P,33.4436,-116.9874,9,902ARO100,902ARO100_2013-04-03_1,1.051356595,0.997536363
902ASTRLC,4/21/2014,1.08,1.127498225,1.022871173,NA,Reference,P,33.4436,-116.9874,9,902ARO100,902ARO100_2014-04-21_1,0.985759255,0.918258669
902ASTRLC,5/5/2014,1.11,1.159712461,1.051529753,NA,Reference,P,33.4436,-116.9874,9,902ARO100,902ARO100_2014-05-05_1,0.941252716,0.844384966
R5BIO-6528,5/22/2001,0.816588817,0.783517413,0.849660222,510,Reference,P,33.3512,-116.9131,9,903FCPSPx,903FCPSPx_2001-05-22_1,NA,NA
903FCPSPx,5/22/2001,1.088897302,1.130138764,1.047655841,791,Reference,P,33.3512,-116.9131,9,903FCPSPx,903FCPSPx_2001-05-22_1,NA,NA
903FCPSPx,5/19/2004,0.699453243,0.565069382,0.833837104,506,Reference,P,33.3512,-116.9131,9,903FCPSPx,903FCPSPx_2004-05-19_1,NA,NA
903FCPSPx,6/22/2005,0.813742284,0.678083258,0.94940131,508,Reference,P,33.3512,-116.9131,9,903FCPSPx,903FCPSPx_2005-06-22_1,NA,NA
903FCPSPx,4/29/2007,1.016869427,0.904111011,1.129627843,602,Reference,P,33.3512,-116.9131,9,903FCPSPx,903FCPSPx_2007-04-29_1,NA,NA
903FCPSPx,4/17/2008,0.624779194,0.339041629,0.910516759,596,Reference,P,33.3512,-116.9131,9,903FCPSPx,903FCPSPx_2008-04-17_1,NA,NA
903FCPSPx,4/22/2009,0.880335102,0.678083258,1.082586947,596,Reference,P,33.3512,-116.9131,9,903FCPSPx,903FCPSPx_2009-04-22_1,NA,NA
903FCPSPx,4/8/2015,0.8911,0.98,0.8,571,Reference,P,33.3512,-116.9131,9,903FCPSPx,903FCPSPx_2015-04-08_1,1.142809477,1.122533821
903FCPSPx,5/3/2016,0.904,0.94,0.86,611,Reference,P,33.3517,-116.91389,9,903FCPSPx,903FCPSPx_2016-05-03_1,0.931648458,0.812992819
903FCPSPx,5/3/2016,0.9489,0.99,0.91,596,Reference,P,33.3517,-116.91389,9,903FCPSPx,903FCPSPx_2016-05-03_1,0.931648458,0.812992819
903FRC,4/8/2014,1.079238046,0.927554324,1.230921767,563,Reference,P,33.3589,-116.9065,9,903FRC,903FRC_2014-04-08_1,1.029894284,0.951355976
903FRC,5/12/2014,0.990505292,0.880842955,1.100167628,556,Reference,P,33.3589,-116.9065,9,903FRC,903FRC_2014-05-12_1,1.126216187,1.029250865
903NP9UAC,4/9/2015,1.0597,1.09,1.03,573,Reference,P,33.3204,-116.6228,9,903NP9UAC,903NP9UAC_2015-04-09_1,0.95746146,0.892229577
903NP9UAC,5/4/2016,1.1276,1.18,1.09,565,Reference,P,33.3204,-116.6228,9,903NP9UAC,903NP9UAC_2016-05-04_1,0.879297685,0.87397604
903NP9UAC,5/3/2017,1.0605,1.161376314,0.95963941,600,Reference,P,33.32036,-116.62265,9,903NP9UAC,903NP9UAC_2017-05-03_1,1.098211723,1.166052536
903NP9UAC,5/25/2018,1.0822,1.091226066,1.073266695,580,Reference,P,33.32036,-116.62265,9,903NP9UAC,903NP9UAC_2018-05-25_1,1.132409807,1.117128946
903R9PPCD,6/24/2019,1.100820628,1.102970692,1.100092528,598,Reference,P,33.339827,-116.957308,9,903R9PPCD,903R9PPCD_2019-06-24_1,0.900059666,0.976644547
903S01413,7/9/2012,0.973958798,1.064818769,0.883098827,580,Reference,P,33.3055,-116.8063,9,NA,903S01413_2012-07-09_1,NA,NA
905CE0512,4/20/2004,0.904443536,0.930460525,0.878426547,472,Reference,P,33.1111,-116.7431,9,905CE0512,905CE0512_2004-04-20_1,NA,NA
905CE0512,4/20/2004,1.076698742,1.25822188,0.895175605,454,Reference,P,33.1111,-116.7431,9,905CE0512,905CE0512_2004-04-20_1,NA,NA
905S02561,5/25/2011,1.270228371,1.100757954,1.439698788,580,Reference,P,33.1297,-116.6359,9,905S02561,905S02561_2011-05-25_1,0.865065284,0.960778051
905SDISS2,5/8/2008,0.869390262,1.000198521,0.738582003,585,Reference,P,33.1343,-116.5971,9,905SDISS2,905SDISS2_2008-05-08_1,0.866099725,NA
905WE0679,4/24/2002,0.788305154,0.639102651,0.937507657,512,Reference,P,33.1316,-116.6552,9,905WE0679,905WE0679_2002-04-24_1,NA,NA
905WE0679,4/24/2002,1.04469121,0.9358157,1.153566719,509,Reference,P,33.1316,-116.6552,9,905WE0679,905WE0679_2002-04-24_1,NA,NA
905WE0679,6/16/2005,0.576850007,0.311938567,0.841761448,538,Reference,P,33.1316,-116.6552,9,905WE0679,905WE0679_2005-06-16_1,NA,NA
905WE0679,3/27/2015,0.9399227,1.12,0.87,538,Reference,P,33.1316,-116.6552,9,905WE0679,905WE0679_2015-03-27_1,0.672447742,0.771655794
905WE0679,5/3/2016,0.95659011,1.25,0.78,570,Reference,P,33.13163,-116.6544,9,905WE0679,905WE0679_2016-05-03_1,0.688722383,0.736782502
905WE0679,5/3/2016,1.1564126,1.29,1.13,592,Reference,P,33.13163,-116.6544,9,905WE0679,905WE0679_2016-05-03_1,0.688722383,0.736782502
905WE0679,5/4/2017,1.08652166,0.968372745,1.303774948,515,Reference,P,33.1316,-116.6552,9,905WE0679,905WE0679_2017-05-04_1,0.863788155,0.926043712
911NP9LPC,5/11/2018,1.0308,1.106518617,0.955133349,559,Reference,P,32.70138,-116.48352,9,911NP9LPC,911NP9LPC_2018-05-11_1,0.725032898,0.732271626
901S01705,5/14/2009,0.820711938,0.857669155,0.78375472,590,Reference,P,33.6031,-117.5097,9,901S01705,901S01705_2009-05-14_1,1.166706423,1.130777675
901S01705,5/9/2017,0.978677755,1.078555174,0.878800336,603,Reference,P,33.6031,-117.5097,9,901S01705,901S01705_2017-05-09_1,0.816439878,0.900821405
719HOTCPF,5/14/2013,0.882760163,1.023906473,0.716234032,580,Reference,RFI,33.5749,-116.4168,7,719HOTCPF,719HOTCPF_2013-05-14_1,1.151406874,1.127618867
719HOTCPF,4/15/2014,0.963521708,1.186800685,0.724742342,633,Reference,RFI,33.5749,-116.4168,7,719HOTCPF,719HOTCPF_2014-04-15_1,1.038097765,1.025456136
719HOTCPF,4/9/2015,0.879053223,1.085961411,0.690860535,562,Reference,RFI,33.5749,-116.4168,7,719HOTCPF,719HOTCPF_2015-04-09_1,0.957506012,0.935848952
719HOTCPF,4/9/2015,0.914573589,1.047177075,0.781736029,544,Reference,RFI,33.5749,-116.4168,7,719HOTCPF,719HOTCPF_2015-04-09_1,0.957506012,0.935848952
719HOTCPF,5/11/2016,0.953009401,1.202314419,0.684282052,591,Reference,RFI,33.5749,-116.4168,7,719HOTCPF,719HOTCPF_2016-05-11_1,0.893236525,0.835987903
719MISSCK,5/21/2013,0.937023482,1.196330923,0.673097245,583,Reference,RFI,34.0078,-116.6223,7,719MISSCK,719MISSCK_2013-05-21_1,1.152320278,1.12632323
719NP7AZC,4/9/2014,0.939929029,1.03205001,0.848466435,391,Reference,RFI,33.8561,-116.8063,7,719NP7AZC,719NP7AZC_2014-04-09_1,0.94345544,0.954358601
719NP7AZC,4/7/2015,0.851899331,1.03205001,0.65468897,571,Reference,RFI,33.8561,-116.8063,7,719NP7AZC,719NP7AZC_2015-04-07_1,1.130706683,1.12844907
719NP7AZC,5/12/2016,0.910041913,1.03205001,0.780957393,590,Reference,RFI,33.8561,-116.8063,7,719NP7AZC,719NP7AZC_2016-05-12_1,0.901864022,0.890592359
719NP7AZC,5/16/2017,0.77444206,0.877242509,0.677439162,598,Reference,RFI,33.8561,-116.8063,7,719NP7AZC,719NP7AZC_2017-05-16_1,1.203795377,1.24263992
719NP7BNC,4/9/2014,0.993576438,1.196959629,0.809977781,586,Reference,RFI,33.8681,-116.7727,7,719NP7BNC,719NP7BNC_2014-04-09_1,1.083792603,1.037163698
719NP7BNC,4/7/2015,0.848878793,1.023814525,0.668,545,Reference,RFI,33.8681,-116.7727,7,719NP7BNC,719NP7BNC_2015-04-07_1,1.15720884,1.096651381
719NP7BNC,5/10/2016,0.618834874,0.752804798,0.48486495,574,Reference,RFI,33.8681,-116.7727,7,719NP7BNC,719NP7BNC_2016-05-10_1,1.189659536,1.03936932
719NP7BNC,5/16/2017,0.9796671,1.129207,0.809055,602,Reference,RFI,33.8681,-116.7727,7,719NP7BNC,719NP7BNC_2017-05-16_1,1.037574819,0.981077336
719NP7BNC,5/7/2019,0.902915914,0.888309662,0.965857655,571,Reference,RFI,33.8681,-116.7727,7,719NP7BNC,719NP7BNC_2019-05-07_1,NA,NA
719NP7DPC,4/8/2014,0.986613603,1.248477357,0.783909609,618,Reference,RFI,33.6337,-116.392,7,719NP7DPC,719NP7DPC_2014-04-08_1,0.955368772,0.902818689
719NP7TWP,4/9/2014,0.889152514,1.048942261,0.729809326,295,Reference,RFI,33.8553,-116.7806,7,719NP7TWP,719NP7TWP_2014-04-09_1,0.896425395,0.804169074
719NP7TWP,4/7/2015,0.895233728,0.966525369,0.826437549,589,Reference,RFI,33.8553,-116.7806,7,719NP7TWP,719NP7TWP_2015-04-07_1,1.22883899,1.139977589
719NP7TWP,5/10/2016,0.72390305,0.899093367,0.54771067,580,Reference,RFI,33.8553,-116.7806,7,719NP7TWP,719NP7TWP_2016-05-10_1,1.039733412,0.964716761
719NP7TWP,5/17/2017,1.014397517,1.0489,0.980916,567,Reference,RFI,33.8553,-116.7806,7,719NP7TWP,719NP7TWP_2017-05-17_1,1.02737831,1.018760912
719NP7TWP,5/8/2019,0.836962485,0.846646254,0.855978748,590,Reference,RFI,33.8553,-116.7806,7,719NP7TWP,719NP7TWP_2019-05-08_1,NA,NA
719WWRPUS,5/13/2013,0.714927612,0.988748381,0.469766217,478,Reference,RFI,33.9904,-116.6606,7,719WWRPUS,719WWRPUS_2013-05-13_1,1.005819912,0.986557888
722ABSPPC,5/20/2013,0.999852038,1.33135485,0.669868578,559,Reference,RFI,33.2784,-116.4293,7,722ABSPPC,722ABSPPC_2013-05-20_1,0.939079043,1.109214064
722ABSPPC,4/21/2014,0.929936148,1.183426534,0.693896003,616,Reference,RFI,33.2784,-116.4293,7,722ABSPPC,722ABSPPC_2014-04-21_1,0.803829562,0.820353267
722ABSPPC,4/13/2015,0.932632525,1.15384087,0.696849294,560,Reference,RFI,33.2784,-116.4293,7,722ABSPPC,722ABSPPC_2015-04-13_1,1.053891003,1.071593908
722NP7CGC,4/16/2014,0.91321385,1.155683664,0.699730861,460,Reference,RFI,33.3546,-116.4826,7,722NP7CGC,722NP7CGC_2014-04-16_1,1.108327662,1.081465117
722NP7IDC,4/16/2014,0.743501336,0.875725409,0.611406078,467,Reference,RFI,33.3471,-116.4784,7,722NP7IDC,722NP7IDC_2014-04-16_1,1.033315159,1.044283303
722NP7IDC,4/8/2015,0.741926458,0.875725409,0.606146648,624,Reference,RFI,33.3471,-116.4784,7,722NP7IDC,722NP7IDC_2015-04-08_1,1.047086448,0.987321158
901ATCAAS,6/5/2008,0.89814671,0.778891116,1.017402304,594,Reference,RFI,33.6827,-117.5017,9,901ATCAAS,901ATCAAS_2008-06-05_1,0.987283226,1.051451774
901ATCAAS,4/8/2021,0.966007815,1.090682753,0.841332876,593,Reference,RFI,33.68264,-117.50159,9,901ATCAAS,901ATCAAS_2021-04-08_1,NA,NA
901BELOLV,4/4/2013,1.0447,1.23,0.86,533,Reference,RFI,33.6397,-117.5539,9,901BELOLV,901BELOLV_2013-04-04_1,0.992597819,1.114404558
901BELOLV,5/1/2014,0.8598,0.88,0.84,540,Reference,RFI,33.6397,-117.5539,9,901BELOLV,901BELOLV_2014-05-01_1,0.918488294,0.971294701
901BELOLV,3/27/2014,1.1116,1.23,0.99,601,Reference,RFI,33.6397,-117.5539,9,901BELOLV,901BELOLV_2014-03-27_1,0.961609612,1.004506959
901BELOLV,3/26/2015,0.82,0.91,0.73,543,Reference,RFI,33.6397,-117.5539,9,901BELOLV,901BELOLV_2015-03-26_1,1.125914164,1.177150943
901BELOLV,3/26/2015,1.0281,1.22,0.84,565,Reference,RFI,33.6397,-117.5539,9,901BELOLV,901BELOLV_2015-03-26_1,1.125914164,1.177150943
901BELOLV,4/26/2016,0.9649,1.05,0.87,607,Reference,RFI,33.6406,-117.5531,9,901BELOLV,901BELOLV_2016-04-26_1,0.940355442,0.970012245
901BELOLV,5/9/2019,0.870845189,1.069772592,0.684454373,611,Reference,RFI,33.6406,-117.5531,9,901BELOLV,901BELOLV_2019-05-09_1,0.810838208,0.952909836
R5BIO-6500,5/17/2001,0.885468149,0.772190571,0.998745726,473,Reference,RFI,33.4729,-117.4658,9,NA,R5BIO-6500_2001-05-17_1,NA,NA
901DCCDCx,5/17/2001,1.0073949,1.081066799,0.933723001,810,Reference,RFI,33.4729,-117.4658,9,901DCCDCx,901DCCDCx_2001-05-17_1,NA,NA
901DCCDCx,6/7/2005,0.716237028,0.610030551,0.822443504,539,Reference,RFI,33.4729,-117.4658,9,901DCCDCx,901DCCDCx_2005-06-07_1,NA,NA
901NP9BWR,4/1/2016,0.9309,1.11,0.75,571,Reference,RFI,33.5306,-117.4291,9,901NP9BWR,901NP9BWR_2016-04-01_1,1.299112461,1.268918144
901NP9FLC,3/27/2014,0.9589,0.89,1.03,605,Reference,RFI,33.676,-117.5366,9,901NP9FLC,901NP9FLC_2014-03-27_1,0.825401323,0.839000707
901NP9FLC,4/30/2014,0.8286,0.78,0.88,597,Reference,RFI,33.676,-117.5366,9,901NP9FLC,901NP9FLC_2014-04-30_1,0.79204361,0.861030956
901NP9FLC,4/30/2014,0.9396,0.93,0.95,583,Reference,RFI,33.676,-117.5366,9,901NP9FLC,901NP9FLC_2014-04-30_1,0.79204361,0.861030956
901NP9FLC,3/25/2015,0.8934,0.93,0.85,559,Intermediate,RFI,33.676,-117.5366,9,901NP9FLC,901NP9FLC_2015-03-25_1,0.951950285,0.971051379
901NP9FLC,4/21/2016,0.8721,0.93,0.81,584,Reference,RFI,33.67583,-117.53655,9,901NP9FLC,901NP9FLC_2016-04-21_1,0.850395454,0.977323984
901NP9FLC,5/10/2017,0.9742,1.074518227,0.873931367,643,Reference,RFI,33.67583,-117.53655,9,901NP9FLC,901NP9FLC_2017-05-10_1,0.699611102,0.920328971
901NP9FLC,4/8/2021,1.063630951,1.093374314,1.033887587,540,Reference,RFI,33.67583,-117.53655,9,901NP9FLC,901NP9FLC_2021-04-08_1,NA,NA
901NP9HJC,4/18/2016,0.969,1.09,0.84,589,Reference,RFI,33.6846,-117.5147,9,901NP9HJC,901NP9HJC_2016-04-18_1,1.155112517,1.155191121
901NP9HJC,5/11/2017,0.9478,0.932557592,0.963116717,565,Reference,RFI,33.68461,-117.51474,9,901NP9HJC,901NP9HJC_2017-05-11_1,1.106756733,1.206388501
901NP9TNC,4/24/2018,1.0474,1.20578055,0.889061753,585,Reference,RFI,33.526506,-117.405504,9,901NP9TNC,901NP9TNC_2018-04-24_1,1.063583736,1.11380065
901S00469,5/9/2017,1.09879607,1.231671777,0.961337808,580,Reference,RFI,33.5299,-117.4091,9,901S00469,901S00469_2017-05-09_1,NA,NA
901S00469,4/6/2021,1.034767979,1.077709637,0.991826321,555,Reference,RFI,33.52999,-117.40855,9,901S00469,901S00469_2021-04-06_1,NA,NA
901S01849,5/10/2017,1.11429151,1.18157591,1.028714242,595,Reference,RFI,33.55523,-117.39779,9,901S01849,901S01849_2017-05-10_1,1.142663194,1.188772172
901S02873,4/7/2021,0.966780163,1.016093541,0.917466784,571,Reference,RFI,33.54344,-117.39739,9,901S02873,901S02873_2021-04-07_1,NA,NA
901S06969,5/31/2012,0.818178476,0.875875756,0.760481196,582,Reference,RFI,33.5533,-117.3958,9,901S06969,901S06969_2012-05-31_1,0.819441477,0.70504419
901S06969,4/7/2021,0.802036677,0.898960203,0.705113151,560,Reference,RFI,33.55334,-117.39579,9,901S06969,901S06969_2021-04-07_1,NA,NA
902SMROB8,5/17/2004,0.757007529,0.89346759,0.620547468,495,Reference,RFI,33.3882,-117.3255,9,902SMROB8,902SMROB8_2004-05-17_1,NA,NA
902SMROB8,6/7/2005,0.7895886,0.89346759,0.68570961,483,Reference,RFI,33.3882,-117.3255,9,902SMROB8,902SMROB8_2005-06-07_1,NA,NA
902SMROB8,4/28/2007,0.664511652,0.558417244,0.770606061,621,Reference,RFI,33.3882,-117.3255,9,902SMROB8,902SMROB8_2007-04-28_1,NA,NA
902SMROB8,4/18/2008,0.697633408,0.670100692,0.725166123,580,Reference,RFI,33.3882,-117.3255,9,902SMROB8,902SMROB8_2008-04-18_1,NA,NA
902SMROB8,4/28/2009,0.666155106,0.670100692,0.66220952,600,Reference,RFI,33.3882,-117.3255,9,902SMROB8,902SMROB8_2009-04-28_1,NA,NA
903ACPCT1,3/25/2013,1.19234373,1.283475725,1.101211736,316,Reference,RFI,33.2969,-116.6384,9,903ACPCT1,903ACPCT1_2013-03-25_1,NA,NA
903ACPCT1,5/25/2010,1.170653456,1.251388832,1.089918081,580,Reference,RFI,33.2969,-116.6384,9,903ACPCT1,903ACPCT1_2010-05-25_1,NA,NA
903ACPCT1,6/15/2010,1.159743562,1.251388832,1.068098293,586,Reference,RFI,33.2969,-116.6384,9,903ACPCT1,903ACPCT1_2010-06-15_1,NA,NA
903ACPCT1,6/30/2010,0.99710465,1.098976089,0.89523321,619,Reference,RFI,33.2969,-116.6384,9,903ACPCT1,903ACPCT1_2010-06-30_1,NA,NA
903ACPCT1,5/5/2016,0.9192,1.12,0.71,576,Reference,RFI,33.29595,-116.63863,9,903ACPCT1,903ACPCT1_2016-05-05_1,0.996665839,0.968807898
903ACPCT1,5/3/2017,1.0477,1.275783521,0.819655941,633,Reference,RFI,33.29595,-116.63863,9,903ACPCT1,903ACPCT1_2017-05-03_1,0.924577531,1.046727623
903ACPCT1,5/15/2018,0.8371,0.954831692,0.719435897,554,Reference,RFI,33.29595,-116.63863,9,903ACPCT1,903ACPCT1_2018-05-15_1,1.017841048,0.985630082
903ACPCT1,5/8/2019,1.146689576,1.179497973,1.069267831,586,Reference,RFI,33.2969,-116.6384,9,903ACPCT1,903ACPCT1_2019-05-08_1,NA,NA
903ACPCT2,5/17/2018,0.8914,1.037456352,0.745257701,599,Reference,RFI,33.30332,-116.63567,9,903ACPCT2,903ACPCT2_2018-05-17_1,1.179860601,1.153453365
903NP9LWF,5/8/2015,0.9827,1.22,0.74,624,Reference,RFI,33.3097,-116.7776,9,903NP9LWF,903NP9LWF_2015-05-08_1,0.98194222,0.947260176
903NP9LWF,5/18/2016,0.8874,1.07,0.72,603,Reference,RFI,33.3097,-116.7776,9,903NP9LWF,903NP9LWF_2016-05-18_1,0.961607458,0.865351234
903NP9SLR,3/25/2014,0.8317,0.89,0.78,565,Intermediate,RFI,33.3499,-116.6651,9,903NP9SLR,903NP9SLR_2014-03-25_1,0.743038925,0.82287511
903NP9SLR,4/19/2017,0.9172,1.064670114,0.769823914,631,Intermediate,RFI,33.34992,-116.6649,9,903NP9SLR,903NP9SLR_2017-04-19_1,0.852624543,0.863970719
903SLFRCx,6/9/2005,0.623341158,0.463964328,0.782717988,490,Reference,RFI,33.3418,-116.8775,9,903SLFRCx,903SLFRCx_2005-06-09_1,NA,NA
903SLFRCx,5/7/2008,1.01194714,1.237238209,0.786656072,567,Reference,RFI,33.3418,-116.8775,9,903SLFRCx,903SLFRCx_2008-05-07_1,1.037513917,1.104968052
903SLFRCx,4/22/2009,0.793680169,0.618619104,0.968741233,586,Reference,RFI,33.3418,-116.8775,9,903SLFRCx,903SLFRCx_2009-04-22_1,NA,NA
903WE0798,5/17/2001,1.067967981,1.234277149,0.901658813,864,Reference,RFI,33.3369,-116.8293,9,903WE0798,903WE0798_2001-05-17_1,NA,NA
903WE0798,5/17/2001,1.075583498,1.234277149,0.916889847,478,Reference,RFI,33.3369,-116.8293,9,903WE0798,903WE0798_2001-05-17_1,NA,NA
903WE0798,6/22/2005,0.720162383,0.462853931,0.977470835,476,Reference,RFI,33.3369,-116.8293,9,903WE0798,903WE0798_2005-06-22_1,NA,NA
903WE0798,4/28/2009,0.886463936,0.771423218,1.001504653,593,Reference,RFI,33.3369,-116.8293,9,903WE0798,903WE0798_2009-04-28_1,NA,NA
903WE0798,4/28/2009,0.90717298,0.77142322,1.04292275,593,Reference,RFI,33.3369,-116.8293,9,903WE0798,903WE0798_2009-04-28_1,NA,NA
903WE0798,4/8/2015,1.00075827,1.08,0.87,548,Reference,RFI,33.3369,-116.8293,9,903WE0798,903WE0798_2015-04-08_1,0.99000682,0.920765164
903WE0798,5/4/2016,0.903,1.03,0.72,583,Reference,RFI,33.3369,-116.8293,9,903WE0798,903WE0798_2016-05-04_1,0.936364436,0.982073933
903WE0900,4/8/2015,0.9421545,1.04,0.87,607,Reference,RFI,33.3307,-116.8161,9,903WE0900,903WE0900_2015-04-08_1,1.054930498,1.069831042
903WE0900,5/4/2016,1.0327,1.23,0.83,553,Reference,RFI,33.3307,-116.8161,9,903WE0900,903WE0900_2016-05-04_1,0.870391306,0.740839215
903WE0900,4/9/2021,1.129417139,1.071976821,1.186857458,597,Reference,RFI,33.33052,-116.81511,9,903WE0900,903WE0900_2021-04-09_1,NA,NA
905BCC,4/11/2014,1.117080128,1.19297668,1.041183576,507,Reference,RFI,33.1302,-116.7988,9,905BCC,905BCC_2014-04-11_1,1.044447692,1.02334462
905BCC,5/13/2014,1.067481159,1.002501412,1.132460905,621,Reference,RFI,33.1302,-116.7988,9,905BCC,905BCC_2014-05-13_1,1.192248948,1.133347055
905BCC,6/11/2014,0.830274822,0.601500847,1.059048798,565,Reference,RFI,33.1302,-116.7988,9,905BCC,905BCC_2014-06-11_1,1.092628035,1.01878583
905BMCCGx,5/21/2001,1.243072453,1.396430193,1.089714713,899,Reference,RFI,33.1263,-116.805,9,905BMCCGx,905BMCCGx_2001-05-21_1,NA,NA
905BMCCGx,5/19/2004,1.044604012,1.163691828,0.925516197,492,Reference,RFI,33.1263,-116.805,9,905BMCCGx,905BMCCGx_2004-05-19_1,NA,NA
905BMCCGx,6/9/2005,0.911512525,0.930953462,0.892071588,499,Reference,RFI,33.1263,-116.805,9,905BMCCGx,905BMCCGx_2005-06-09_1,NA,NA
905BMCCGx,4/19/2008,0.919337903,0.930953462,0.907722344,598,Reference,RFI,33.1263,-116.805,9,905BMCCGx,905BMCCGx_2008-04-19_1,NA,NA
905BMCCGx,4/19/2008,0.98778685,0.930953462,1.044620239,607,Reference,RFI,33.1263,-116.805,9,905BMCCGx,905BMCCGx_2008-04-19_1,NA,NA
905DGCC1x,5/12/2010,1.086208282,1.244480619,0.927935944,337,Reference,RFI,33.1579,-116.8517,9,905DGCC1x,905DGCC1x_2010-05-12_1,NA,NA
905DGCC1x,5/12/2010,1.135515848,1.400040696,0.870991,403,Reference,RFI,33.1579,-116.8517,9,905DGCC1x,905DGCC1x_2010-05-12_1,NA,NA
905DGCC1x,6/2/2010,1.113122418,1.244480619,0.981764218,587,Reference,RFI,33.1579,-116.8517,9,905DGCC1x,905DGCC1x_2010-06-02_1,NA,NA
905DGCC1x,6/16/2010,1.081132662,1.244480619,0.917784704,596,Reference,RFI,33.1579,-116.8517,9,905DGCC1x,905DGCC1x_2010-06-16_1,NA,NA
905DGCC1x,6/29/2010,1.088145886,1.228924611,0.94736716,578,Reference,RFI,33.1579,-116.8517,9,905DGCC1x,905DGCC1x_2010-06-29_1,NA,NA
905DGCC1x,4/3/2013,1.0999,1.12,1.08,596,Reference,RFI,33.1579,-116.8517,9,905DGCC1x,905DGCC1x_2013-04-03_1,1.104394278,1.046392617
905DGCC1x,3/25/2014,0.813634362,0.910026453,0.717242271,567,Reference,RFI,33.1579,-116.8517,9,905DGCC1x,905DGCC1x_2014-03-25_1,1.053869713,1.043625701
905DGCC1x,4/11/2017,0.751,0.734717117,0.767184677,599,Reference,RFI,33.158264,-116.840438,9,905DGCC1x,905DGCC1x_2017-04-11_1,0.93319176,0.879769647
905DGCC1x,5/13/2019,1.130763979,1.40268235,0.866347375,605,Reference,RFI,33.158264,-116.840438,9,905DGCC1x,905DGCC1x_2019-05-13_1,0.867859992,0.917421908
905DGUT1x,5/13/2010,1.224365679,1.37771156,1.071019798,593,Reference,RFI,33.1768,-116.8501,9,905DGUT1x,905DGUT1x_2010-05-13_1,NA,NA
905DGUT1x,6/2/2010,1.193789611,1.409023186,0.978556035,564,Reference,RFI,33.1768,-116.8501,9,905DGUT1x,905DGUT1x_2010-06-02_1,NA,NA
905DGUT1x,6/16/2010,1.202633465,1.40119528,1.00407165,579,Reference,RFI,33.1768,-116.8501,9,905DGUT1x,905DGUT1x_2010-06-16_1,NA,NA
905DGUT1x,6/29/2010,1.121061277,1.205497615,1.036624939,565,Reference,RFI,33.1768,-116.8501,9,905DGUT1x,905DGUT1x_2010-06-29_1,NA,NA
905DGUT1x,7/13/2010,1.205125662,1.409023186,1.001228137,552,Reference,RFI,33.1768,-116.8501,9,905DGUT1x,905DGUT1x_2010-07-13_1,NA,NA
905SDBDN9,5/23/2001,0.947536781,1.127948946,0.767124616,840,Reference,RFI,33.093,-116.8971,9,905SDBDN9,905SDBDN9_2001-05-23_1,NA,NA
905SDBDN9,4/21/2009,0.856372641,0.737221533,0.975523748,601,Reference,RFI,33.093,-116.8971,9,905SDBDN9,905SDBDN9_2009-04-21_1,NA,NA
905SDBDN9,3/29/2016,0.786990029,0.99,0.66,595,Reference,RFI,33.09184,-116.89774,9,905SDBDN9,905SDBDN9_2016-03-29_1,0.498964459,0.486217861
905SDBDN9,5/4/2017,0.979937335,1.261932808,0.732175644,565,Reference,RFI,33.09184,-116.89774,9,905SDBDN9,905SDBDN9_2017-05-04_1,0.621855862,0.658676076
907BCT,4/17/2014,0.92679353,0.791218346,1.062368714,480,Reference,RFI,32.9668,-116.6521,9,907BCT,907BCT_2014-04-17_1,1.146605531,1.189916577
907BCT,5/14/2014,1.016708184,1.068144767,0.9652716,510,Reference,RFI,32.9668,-116.6521,9,907BCT,907BCT_2014-05-14_1,1.216857093,1.239480763
907CCCR02,5/21/2001,1.193280093,1.218484379,1.168075806,835,Reference,RFI,33.0011,-116.7098,9,907CCCR02,907CCCR02_2001-05-21_1,NA,NA
907CCCR02,5/8/2008,0.853661642,0.974787504,0.732535779,574,Reference,RFI,33.0011,-116.7098,9,907CCCR02,907CCCR02_2008-05-08_1,0.760176722,0.747835261
907CCCR02,5/8/2008,1.026659717,1.096635941,0.956683492,594,Reference,RFI,33.0011,-116.7098,9,907CCCR02,907CCCR02_2008-05-08_1,0.760176722,0.747835261
907CCCR02,4/21/2009,0.764641271,0.60924219,0.920040352,616,Reference,RFI,33.0011,-116.7098,9,907CCCR02,907CCCR02_2009-04-21_1,NA,NA
907CCCR02,3/29/2010,1.044343613,1.096635941,0.992051285,547,Reference,RFI,33.0011,-116.7098,9,907CCCR02,907CCCR02_2010-03-29_1,1.120185608,1.053630977
907CCCR02,5/5/2010,1.003275984,0.974787504,1.031764463,600,Reference,RFI,33.0011,-116.7098,9,907CCCR02,907CCCR02_2010-05-05_1,0.965321741,0.96932797
907CCCR02,6/9/2010,0.979225872,0.974787504,0.98366424,604,Reference,RFI,33.0011,-116.7098,9,907CCCR02,907CCCR02_2010-06-09_1,0.826872221,0.883834909
907CCCR02,7/13/2010,1.126578249,1.218484379,1.034672118,600,Reference,RFI,33.0011,-116.7098,9,907CCCR02,907CCCR02_2010-07-13_1,0.944633609,1.066088614
907CONECR,5/15/2001,0.917195914,0.95536997,0.879021858,873,Reference,RFI,32.8903,-116.7631,9,907CONECR,907CONECR_2001-05-15_1,NA,NA
907CONECR,5/15/2001,0.922287313,0.99814773,0.846426895,842,Reference,RFI,32.8903,-116.7631,9,907CONECR,907CONECR_2001-05-15_1,NA,NA
907CONECR,5/18/2004,0.706077669,0.712962664,0.699192674,493,Reference,RFI,32.8903,-116.7631,9,907CONECR,907CONECR_2004-05-18_1,NA,NA
907CONECR,6/15/2005,0.74453136,0.712962664,0.776100056,494,Reference,RFI,32.8903,-116.7631,9,907CONECR,907CONECR_2005-06-15_1,NA,NA
907CONECR,6/15/2005,0.748306309,0.712962664,0.783649953,494,Reference,RFI,32.8903,-116.7631,9,907CONECR,907CONECR_2005-06-15_1,NA,NA
907CONECR,5/3/2007,0.740871945,0.548981251,0.932762639,600,Reference,RFI,32.8903,-116.7631,9,907CONECR,907CONECR_2007-05-03_1,NA,NA
907CONECR,5/3/2007,0.746559389,0.570370131,0.922748648,600,Reference,RFI,32.8903,-116.7631,9,907CONECR,907CONECR_2007-05-03_1,NA,NA
907CONECR,4/17/2008,0.922323479,0.712962664,1.131684293,603,Reference,RFI,32.8903,-116.7631,9,907CONECR,907CONECR_2008-04-17_1,NA,NA
907CONECR,4/17/2008,1.173819631,1.140740262,1.206898999,583,Reference,RFI,32.8903,-116.7631,9,907CONECR,907CONECR_2008-04-17_1,NA,NA
907CONECR,4/29/2009,0.802189383,0.712962664,0.891416103,592,Reference,RFI,32.8903,-116.7631,9,907CONECR,907CONECR_2009-04-29_1,NA,NA
907CONECR,4/29/2009,0.831226602,0.712962664,0.94949054,586,Reference,RFI,32.8903,-116.7631,9,907CONECR,907CONECR_2009-04-29_1,NA,NA
907CONECR,5/16/2012,0.892012511,0.791388557,0.992636465,565,Reference,RFI,32.8903,-116.7631,9,907CONECR,907CONECR_2012-05-16_1,NA,NA
907CONECR,5/31/2012,0.921867967,0.855555197,0.988180737,283,Reference,RFI,32.8903,-116.7631,9,907CONECR,907CONECR_2012-05-31_1,NA,NA
907S03210,5/18/2011,0.97449882,0.949363703,0.999633936,618,Reference,RFI,33.0031,-116.7292,9,907S03210,907S03210_2011-05-18_1,0.965494452,1.054715522
909S00282,4/6/2015,0.90821707,0.86,0.72,543,Reference,RFI,32.8722,-116.6139,9,909S00282,909S00282_2015-04-06_1,0.786978729,0.738191357
909S00282,4/6/2015,0.82910654,1.09,0.73,555,Reference,RFI,32.8722,-116.6139,9,909S00282,909S00282_2015-04-06_1,0.786978729,0.738191357
909S00282,4/20/2016,1.00234364,1.11,0.76,553,Reference,RFI,32.8722,-116.6139,9,909S00282,909S00282_2016-04-20_1,0.740491515,0.676553631
909SWCASR,3/21/2016,0.8979,1,0.79,590,Reference,RFI,32.9419,-116.5535,9,909SWCASR,909SWCASR_2016-03-21_1,1.082463124,1.080764905
909SWCASR,5/2/2017,0.8407,0.931205142,0.75013045,588,Reference,RFI,32.94249,-116.55409,9,909SWCASR,909SWCASR_2017-05-02_1,1.153160333,1.140111306
909SWCASR,5/2/2017,0.8928,1.081144953,0.704527623,569,Reference,RFI,32.94249,-116.55409,9,909SWCASR,909SWCASR_2017-05-02_1,1.153160333,1.140111306
911COPPER,4/2/2013,0.9463,1.1,0.81,546,Reference,RFI,32.563,-116.8291,9,911COPPER,911COPPER_2013-04-02_1,1.055478967,1.100940194
911COPPER,5/2/2017,0.7723,0.887570632,0.656998804,573,Reference,RFI,32.5616,-116.8291,9,911COPPER,911COPPER_2017-05-02_1,1.197469125,1.208813924
911KCKCRx,6/8/1999,1.158617548,1.228057541,1.089177555,556,Reference,RFI,32.7874,-116.451,9,911KCKCRX,911KCKCRX_1999-06-08_1,NA,NA
911KCKCRx,5/31/2011,1.108740294,1.226866603,0.990613984,547,Reference,RFI,32.7871,-116.4509,9,911KCKCRX,911KCKCRX_2011-05-31_1,0.77237883,0.937154621
911KCKCRx,5/6/2014,1.005,1.01,0.93,614,Reference,RFI,32.7874,-116.451,9,911KCKCRX,911KCKCRX_2014-05-06_1,1.045723545,1.080613828
911KCKCRx,4/7/2015,0.8843,0.96,0.81,598,Reference,RFI,32.7874,-116.451,9,911KCKCRX,911KCKCRX_2015-04-07_1,0.927826165,0.957025947
911KCKCRx,4/19/2016,1.0627,1.06,1,604,Reference,RFI,32.78745,-116.451,9,911KCKCRX,911KCKCRX_2016-04-19_1,0.858303318,0.966367613
911NP9ATC,3/24/2014,0.9518,1.09,0.81,573,Reference,RFI,32.7707,-116.4185,9,911NP9ATC,911NP9ATC_2014-03-24_1,0.962518546,0.911662406
911NP9ATC,4/29/2014,0.806084516,0.844087849,0.768081184,561,Reference,RFI,32.7707,-116.4185,9,911NP9ATC,911NP9ATC_2014-04-29_1,1.116129482,1.055981823
911NP9ATC,4/7/2015,0.8951,0.93,0.86,594,Reference,RFI,32.7707,-116.4185,9,911NP9ATC,911NP9ATC_2015-04-07_1,1.018877245,1.004769622
911NP9ATC,4/7/2015,0.8333,0.81,0.86,567,Reference,RFI,32.7707,-116.4185,9,911NP9ATC,911NP9ATC_2015-04-07_1,1.018877245,1.004769622
911NP9ATC,5/10/2017,0.9759,1.125892432,0.825820707,546,Reference,RFI,32.7707,-116.4185,9,911NP9ATC,911NP9ATC_2017-05-10_1,0.863212435,0.887657213
911NP9UCW,3/24/2014,1.042,1.21,0.87,600,Reference,RFI,32.8184,-116.4926,9,911NP9UCW,911NP9UCW_2014-03-24_1,1.069020214,1.072979913
911NP9UCW,4/29/2014,0.9559,1.11,0.8,542,Reference,RFI,32.8184,-116.4926,9,911NP9UCW,911NP9UCW_2014-04-29_1,1.152027733,1.103997213
911NP9UCW,3/18/2015,0.9952,1.08,0.91,644,Reference,RFI,32.8184,-116.4926,9,911NP9UCW,911NP9UCW_2015-03-18_1,0.985151091,0.948027528
911NP9UCW,4/20/2016,0.9288,1,0.86,548,Reference,RFI,32.81829,-116.49235,9,911NP9UCW,911NP9UCW_2016-04-20_1,0.922729219,0.865352415
911NP9UCW,5/2/2017,0.928,0.99159428,0.864393323,630,Reference,RFI,32.81829,-116.49235,9,911NP9UCW,911NP9UCW_2017-05-02_1,1.051493717,1.160353474
911S01142,4/19/2016,0.8946,0.98,0.71,588,Reference,RFI,32.73547,-116.65268,9,911S01142,911S01142_2016-04-19_1,0.665248466,0.621674436
911PVCAEC,6/18/2019,0.919764623,1.038066679,0.802868217,624,Reference,RFI,32.745259,-116.651036,9,911PVCAEC,911PVCAEC_2019-06-18_1,0.768594169,0.869746806
911S00858,3/24/2016,0.9218,1,0.8,585,Reference,RFI,32.90282,-116.49337,9,911S00858,911S00858_2016-03-24_1,1.053874483,0.991207294
911S00858,5/9/2017,0.95589196,1.06575344,0.834991412,555,Reference,RFI,32.9028,-116.4934,9,911S00858,911S00858_2017-05-09_1,1.120345978,1.175692941
911TJIND2,5/8/2008,1.090679839,1.229450963,0.951908715,571,Reference,RFI,32.8974,-116.5043,9,911TJIND2,911TJIND2_2008-05-08_1,1.025309097,1.033835289
911TJIND2,4/10/2021,1.147096517,1.183606369,1.110586665,584,Reference,RFI,32.89752,-116.50406,9,911TJIND2,911TJIND2_2021-04-10_1,NA,NA
911TJKC1x,5/10/2012,0.947964745,0.908670221,0.98725927,587,Reference,RFI,32.7616,-116.4515,9,911TJKC1x,911TJKC1x_2012-05-10_1,NA,NA
911TJKC1x,6/25/2012,0.984137752,1.062682123,0.905593381,589,Reference,RFI,32.7616,-116.4515,9,911TJKC1x,911TJKC1x_2012-06-25_1,NA,NA
911TJKC1x,3/18/2013,0.960874309,0.924071411,0.997677207,481,Reference,RFI,32.7616,-116.4515,9,911TJKC1x,911TJKC1x_2013-03-18_1,NA,NA
911TJKC1x,3/30/2015,0.9779,1.13,0.83,589,Reference,RFI,32.7616,-116.4515,9,911TJKC1x,911TJKC1x_2015-03-30_1,0.854581962,0.814863092
911TJKC1x,4/19/2016,0.9447,1.18,0.71,623,Reference,RFI,32.7598,-116.45078,9,911TJKC1x,911TJKC1x_2016-04-19_1,0.862959198,0.853798945
911TJKC1x,5/10/2017,0.680045738,0.768705757,0.591385719,599,Reference,RFI,32.7616,-116.4515,9,911TJKC1x,911TJKC1x_2017-05-10_1,1.054835948,1.058118163
911TJKC1x,5/8/2019,0.938257773,1.078202607,0.804523143,547,Reference,RFI,32.7616,-116.4515,9,911TJKC1x,911TJKC1x_2019-05-08_1,NA,NA
911TJKTC5,5/19/2001,1.089243884,1.10126704,1.077220728,853,Reference,RFI,32.7616,-116.4515,9,911TJKTC5,911TJKTC5_2001-05-19_1,NA,NA
911TJKTC5,5/7/2008,1.065136861,1.22448573,0.905787993,548,Reference,RFI,32.7616,-116.4515,9,911TJKTC5,911TJKTC5_2008-05-07_1,0.86060036,0.886344519
911TJKTC5,5/7/2008,1.097577941,1.22448573,0.970670152,565,Reference,RFI,32.7616,-116.4515,9,911TJKTC5,911TJKTC5_2008-05-07_1,0.86060036,0.886344519
911TJLCC2,4/7/2015,1.1187,1.14,1.1,567,Reference,RFI,32.7785,-116.4448,9,911TJLCC2,911TJLCC2_2015-04-07_1,0.855999299,0.889826925
911TJLCC2,4/20/2016,1.1321,1.26,1,581,Reference,RFI,32.77887,-116.44162,9,911TJLCC2,911TJLCC2_2016-04-20_1,1.017240961,0.924570925
911TJLCC2,5/19/2001,0.959737116,0.994696987,0.924777244,814,Reference,RFI,32.7785,-116.4448,9,911TJLCC2,911TJLCC2_2001-05-19_1,NA,NA
911TJLCC2,7/1/2006,1.010851267,0.852597417,1.169105117,853,Reference,RFI,32.7785,-116.4448,9,911TJLCC2,911TJLCC2_2006-07-01_1,NA,NA
911TJLCC2,6/6/2007,1.004079645,0.994696987,1.013462303,582,Reference,RFI,32.7785,-116.4448,9,911TJLCC2,911TJLCC2_2007-06-06_1,NA,NA
911TJLCC2,5/7/2008,0.981983228,1.136796556,0.827169901,603,Reference,RFI,32.7785,-116.4448,9,911TJLCC2,911TJLCC2_2008-05-07_1,0.937281564,0.996382469
911TJLCC2,6/25/2012,1.049002867,0.994696987,1.103308747,591,Reference,RFI,32.7785,-116.4448,9,911TJLCC2,911TJLCC2_2012-06-25_1,NA,NA
911TJLCC2,7/9/2012,0.963117225,0.852597417,1.073637034,614,Reference,RFI,32.7785,-116.4448,9,911TJLCC2,911TJLCC2_2012-07-09_1,NA,NA
911TJLCC2,7/23/2012,0.792169308,0.781547632,0.802790984,591,Reference,RFI,32.7785,-116.4448,9,911TJLCC2,911TJLCC2_2012-07-23_1,NA,NA
911TJLCC2,3/18/2013,0.819381491,0.852597417,0.786165566,282,Reference,RFI,32.7785,-116.4448,9,911TJLCC2,911TJLCC2_2013-03-18_1,NA,NA
911TJLCC2,4/10/2021,1.130281275,1.051814357,1.208748192,598,Reference,RFI,32.77887,-116.44162,9,911TJLCC2,911TJLCC2_2021-04-10_1,NA,NA
911TJWIL3,5/15/2001,1.134729729,1.155210605,1.114248852,853,Reference,RFI,32.694,-116.6957,9,911TJWIL3,911TJWIL3_2001-05-15_1,NA,NA
911TJWIL3,5/25/2011,1.189192867,1.283567339,1.094818394,599,Reference,RFI,32.694,-116.6957,9,911TJWIL3,911TJWIL3_2011-05-25_1,0.924911215,0.921130821
911TJWIL3,5/7/2019,1.177703628,1.148792769,1.206614488,621,Reference,RFI,32.694,-116.6957,9,911TJWIL3,911TJWIL3_2019-05-07_1,NA,NA
705PCCPCP,5/21/2013,0.798067127,0.857247401,0.743564897,624,Reference,SFI,34.1668,-116.5727,7,705PCCPCP,705PCCPCP_2013-05-21_1,1.089390491,1.060068526
901NP9CSC,4/4/2017,0.8063,1.021530212,0.591000079,567,Reference,SFI,33.5919,-117.5216,9,901NP9CSC,901NP9CSC_2017-04-04_1,1.020140718,1.05282698
902NP9CWC,3/20/2017,0.9303,0.927598861,0.933011849,476,Reference,SFI,33.41925,-116.86102,9,902NP9CWC,902NP9CWC_2017-03-20_1,0.907509472,0.851389054
902NP9CWC,4/26/2019,0.950227817,1.035729965,0.846312762,549,Reference,SFI,33.41925,-116.86102,9,902NP9CWC,902NP9CWC_2019-04-26_1,0.803490457,0.9364939
903NP9PRC,4/20/2016,0.8809,0.97,0.79,588,Reference,SFI,33.2604,-116.809,9,903NP9PRC,903NP9PRC_2016-04-20_1,1.107075966,1.027558168
909NP9UNT,4/3/2017,0.7653,0.717040324,0.813556199,555,Reference,SFI,32.88172,-116.58538,9,909NP9UNT,909NP9UNT_2017-04-03_1,1.199876049,1.139281572
911NP9EPC,4/17/2017,0.9367,1.062475115,0.810952484,646,Reference,SFI,32.74481,-116.6488,9,911NP9EPC,911NP9EPC_2017-04-17_1,0.935025722,0.897936007
911NP9EPC,4/24/2019,0.920498766,0.853169926,0.988756793,554,Reference,SFI,32.74481,-116.6488,9,911NP9EPC,911NP9EPC_2019-04-24_1,1.226201054,1.187189402
911NP9HTC,3/28/2017,0.6843,0.761748887,0.606864971,618,Reference,SFI,32.75409,-116.66267,9,911NP9HTC,911NP9HTC_2017-03-28_1,0.798332395,0.816018073
911NP9HTC,4/23/2019,0.872713836,0.995269289,0.771279909,612,Reference,SFI,32.75409,-116.66267,9,911NP9HTC,911NP9HTC_2019-04-23_1,0.852019729,0.843976795
911NP9SCC,4/6/2017,0.8929,1.03770014,0.748004743,563,Reference,SFI,32.76151,-116.63649,9,911NP9SCC,911NP9SCC_2017-04-06_1,1.076913729,0.998095049
111BRCRFC,9/20/2004,0.939928242,511,0.738925364,1.140931121,Reference,P,39.3202809,-122.8483435,1,111BRCRFC,111BRCRFC_2004-09-20_1,NA,NA
111BRCRFC,9/20/2004,0.989004861,530,1.007625496,0.970384225,Reference,P,39.3202809,-122.8483435,1,111BRCRFC,111BRCRFC_2004-09-20_1,NA,NA
111BRCRFC,9/20/2004,1.025194239,487,0.940450463,1.109938015,Reference,P,39.3202809,-122.8483435,1,111BRCRFC,111BRCRFC_2004-09-20_1,NA,NA
111FS0001,7/5/2011,1.028890877,606,0.935384074,1.12239768,Reference,P,39.32709256,-122.8311121,1,111FS0001,111FS0001_2011-07-05_1,1.026704376,1.048132359
111FS0008,7/6/2011,1.088632514,582,1.139767025,1.037498003,Reference,P,39.31929726,-122.8454015,1,111FS0008,111FS0008_2011-07-06_1,0.952286602,1.038018648
111FS0008,5/2/2012,1.116519016,482,1.139767025,1.093271008,Reference,P,39.31929726,-122.8454015,1,111FS0008,111FS0008_2012-05-02_1,1.043242178,1.087820195
111FS0008,6/7/2012,1.033657204,568,1.07897945,0.988334957,Reference,P,39.31929726,-122.8454015,1,111FS0008,111FS0008_2012-06-07_1,1.178014651,1.260301672
111FS0008,7/19/2012,1.13041338,580,1.063782556,1.197044204,Reference,P,39.31929726,-122.8454015,1,111FS0008,111FS0008_2012-07-19_1,1.226807685,1.130729996
111FS0008,6/1/2016,0.867601174,620,0.801636141,0.933566207,Reference,P,39.31929726,-122.8454015,1,111FS0008,111FS0008_2016-06-01_1,0.901739086,0.999593313
111FS0008,6/1/2016,0.881066419,300,0.91181362,0.850319218,Reference,P,39.31929726,-122.8454015,1,111FS0008,111FS0008_2016-06-01_1,0.901739086,0.999593313
111FS0008,6/20/2017,0.862294803,644,0.809234588,0.915355019,Reference,P,39.31929726,-122.8454015,1,111FS0008,111FS0008_2017-06-20_1,0.950280076,0.998801846
111FS0008,6/20/2017,1.06982166,554,1.101774791,1.037868529,Reference,P,39.31929726,-122.8454015,1,111FS0008,111FS0008_2017-06-20_1,0.950280076,0.998801846
111FS0008,8/13/2020,1.065936118,590,1.196755376,0.93511686,Reference,P,39.31929726,-122.8454015,1,111FS0008,111FS0008_2020-08-13_1,0.878745301,0.844299368
111PS0110,6/24/2009,1.186680448,586,1.304197696,1.0691632,Reference,P,39.35141964,-122.8762117,1,111PS0110,111PS0110_2009-06-24_1,1.043176001,1.025907498
111PS0110,6/9/2014,1.032229286,639,0.938911115,1.125547457,Reference,P,39.35141964,-122.8762117,1,111PS0110,111PS0110_2014-06-09_1,1.046234984,1.019880317
111PS0204,8/17/2010,0.782561041,596,0.722359197,0.842762884,Reference,P,39.27693366,-122.8658082,1,111PS0204,111PS0204_2010-08-17_1,1.158833946,1.014721019
114CE0291,7/11/2007,0.7168382,591,0.619590105,0.814086295,Reference,P,38.8100279,-122.9255839,1,114CE0291,114CE0291_2007-07-11_1,NA,NA
114CE0291,7/11/2007,0.822347485,617,0.757276795,0.887418174,Reference,P,38.8100279,-122.9255839,1,114CE0291,114CE0291_2007-07-11_1,NA,NA
114CE0291,5/19/2015,0.927485895,605,1.084282683,0.770689108,Reference,P,38.8100279,-122.9255839,1,114CE0291,114CE0291_2015-05-19_1,0.939310281,0.835930498
114DLCURx,6/20/2002,1.143966731,491,0.968391334,1.319542128,Reference,P,39.12873514,-123.2313281,1,114DLCURx,114DLCURx_2002-06-20_1,NA,NA
114PS0145,6/20/2011,0.98163653,593,1.014974754,0.948298306,Reference,P,38.8936121,-123.0701698,1,114PS0145,114PS0145_2011-06-20_1,1.107383375,1.134161712
114PS0209,6/10/2013,0.619587324,613,0.573847725,0.665326923,Reference,P,38.78600112,-123.155201,1,114PS0209,114PS0209_2013-06-10_1,1.157766619,1.013013806
114WE0810,7/26/2001,0.907877231,482,0.860871133,0.954883328,Reference,P,38.87517623,-122.8828949,1,114WE0810,114WE0810_2001-07-26_1,NA,NA
114WE0810,7/26/2001,1.197669188,535,1.164708003,1.230630374,Reference,P,38.87517623,-122.8828949,1,114WE0810,114WE0810_2001-07-26_1,NA,NA
114WE0810,7/26/2001,1.257162812,820,1.180595269,1.333730354,Reference,P,38.87517623,-122.8828949,1,114WE0810,114WE0810_2001-07-26_1,NA,NA
115EBAG01,7/1/2010,0.619487632,578,0.765994905,0.472980358,Reference,P,38.34613327,-122.9153477,1,115EBAG01,115EBAG01_2010-07-01_1,0.922639297,0.835175934
201LAG330,5/11/2015,1.141557193,453,1.040355719,1.242758668,Reference,P,37.9918903,-122.6696912,2,201LAG330,201LAG330_2015-05-11_1,0.98370344,0.920659024
201LAG335,4/19/2001,0.837931575,850,0.953907771,0.721955379,Reference,P,37.9917933,-122.661945,2,201LAG335,201LAG335_2001-04-19_1,NA,NA
201LAG335,7/15/2009,0.901367032,588,0.86758722,0.935146843,Reference,P,37.9917933,-122.661945,2,201LAG335,201LAG335_2009-07-15_1,1.011106424,0.956018115
201MRS020,4/12/2005,0.973113015,501,0.878428908,1.067797121,Reference,P,37.9196808,-122.6695183,2,201MRS020,201MRS020_2005-04-12_1,NA,NA
201MRS020,9/13/2010,1.258287657,582,1.262981963,1.253593352,Reference,P,37.9196808,-122.6695183,2,201MRS020,201MRS020_2010-09-13_1,0.933169331,0.930808907
201MRS020,6/7/2016,0.926356245,567,0.9843571,0.86835539,Reference,P,37.9196808,-122.6695183,2,201MRS020,201MRS020_2016-06-07_1,0.645777956,0.692005524
201PNG050,5/30/2018,1.085107994,580,1.136443048,1.033772939,Reference,P,37.95444321,-122.7179771,2,201PNG050,201PNG050_2018-05-30_1,0.780279328,0.84419742
201WLK190,4/16/2001,1.012427787,873,0.995139021,1.029716553,Reference,P,38.164698,-122.771918,2,201WLK190,201WLK190_2001-04-16_1,NA,NA
202BUT030,4/9/2002,1.038984766,852,1.067779295,1.010190237,Reference,P,37.224863,-122.332576,2,202BUT030,202BUT030_2002-04-09_1,NA,NA
202BUT030,6/29/2010,1.080676747,564,1.193400388,0.967953107,Reference,P,37.224863,-122.332576,2,202BUT030,202BUT030_2010-06-29_1,1.031637882,0.876136913
202BUT040,4/9/2002,1.329877463,856,1.353667726,1.306087199,Reference,P,37.24131773,-122.316955,2,202BUT040,202BUT040_2002-04-09_1,NA,NA
202BUT040,6/14/2011,1.092581255,578,1.038776328,1.146386181,Reference,P,37.24131773,-122.316955,2,202BUT040,202BUT040_2011-06-14_1,0.953081362,0.941155299
202BUT040,6/4/2014,0.681671457,578,0.77088138,0.592461533,Reference,P,37.24131773,-122.316955,2,202BUT040,202BUT040_2014-06-04_1,1.190718741,1.148591875
202BUT050,4/9/2002,1.07318805,868,1.073988665,1.072387436,Reference,P,37.20923557,-122.3326697,2,202BUT050,202BUT050_2002-04-09_1,NA,NA
202BUT050,6/16/2009,1.032878339,582,1.059688676,1.006068002,Reference,P,37.20923557,-122.3326697,2,202BUT050,202BUT050_2009-06-16_1,0.645684148,0.742599004
202BUT480,6/25/2012,1.150039393,593,1.168205721,1.131873065,Reference,P,37.2136,-122.3141,2,202BUT480,202BUT480_2012-06-25_1,1.179967181,1.097240894
202BUT600,6/26/2012,1.065112666,561,1.063976495,1.066248837,Reference,P,37.2159,-122.3073,2,202BUT600,202BUT600_2012-06-26_1,1.168523128,1.055656581
202BUT600,6/14/2017,1.091645752,293,1.158561482,1.024730022,Reference,P,37.21523067,-122.3085367,2,202BUT600,202BUT600_2017-06-14_1,0.922177449,0.913918297
202PES170,4/10/2002,0.977220655,889,0.971593777,0.982847533,Reference,P,37.26388691,-122.2393177,2,202PES170,202PES170_2002-04-10_1,NA,NA
202R00024,6/6/2012,0.884496414,602,0.896671527,0.872321301,Reference,P,37.3247,-122.2467,2,202R00024,202R00024_2012-06-06_1,0.875721943,1.001625606
202R01356,5/11/2015,0.937580692,604,0.87884819,0.996313194,Reference,P,37.5758,-122.4583,2,202R01356,202R01356_2015-05-11_1,NA,NA
202R01612,5/11/2015,0.874327719,624,0.986690217,0.761965221,Reference,P,37.5773,-122.4704,2,202R01612,202R01612_2015-05-11_1,NA,NA
202SPE090,6/15/2009,0.909191283,567,0.913319293,0.905063272,Reference,P,37.57500824,-122.4641883,2,202SPE090,202SPE090_2009-06-15_1,1.036421705,1.040633881
204AHOACR,5/13/2004,0.973251813,866,0.843700518,1.102803107,Reference,P,37.46158312,-121.7690186,2,204AHOACR,204AHOACR_2004-05-13_1,NA,NA
204AHOACR,6/2/2014,1.091859336,614,1.097766885,1.085951786,Reference,P,37.46158312,-121.7690186,2,204AHOACR,204AHOACR_2014-06-02_1,1.068010141,0.96781663
204AHOACR,4/27/2015,1.086735243,579,1.053990905,1.119479581,Reference,P,37.46158312,-121.7690186,2,204AHOACR,204AHOACR_2015-04-27_1,0.912635297,0.952512214
204AHOACR,4/26/2016,0.922740301,416,0.875519602,0.969961,Reference,P,37.46158312,-121.7690186,2,204AHOACR,204AHOACR_2016-04-26_1,0.876822754,0.982578076
204ARH090,6/2/2014,1.090667172,566,1.080377187,1.100957157,Reference,P,37.4512,-121.7546,2,204ARH090,204ARH090_2014-06-02_1,1.018490174,0.991951222
204CE0116,8/9/2005,0.799197575,505,0.703240283,0.895154867,Reference,P,37.40849637,-121.7103221,2,204CE0116,204CE0116_2005-08-09_1,NA,NA
204CE0116,8/9/2005,0.913604636,490,1.039255421,0.78795385,Reference,P,37.40849637,-121.7103221,2,204CE0116,204CE0116_2005-08-09_1,NA,NA
204CE0116,5/5/2015,0.974749428,587,1.11815205,0.831346806,Reference,P,37.40849637,-121.7103221,2,204CE0116,204CE0116_2015-05-05_1,1.158791435,1.160501981
204R00189,5/6/2013,0.94142911,611,1.003486455,0.879371765,Reference,P,37.3209,-121.6635,2,204R00189,204R00189_2013-05-06_1,0.875760619,0.930399348
204R00253,4/20/2015,0.649254958,611,0.785431417,0.513078498,Reference,P,37.3796,-121.6856,2,204R00253,204R00253_2015-04-20_1,NA,NA
204R01007,6/2/2014,0.596895511,607,0.726310172,0.46748085,Reference,P,37.815,-122.1608,2,204R01007,204R01007_2014-06-02_1,0.963013325,0.926616608
204R01007,6/2/2014,0.620030187,1216,0.741681816,0.498378557,Reference,P,37.815,-122.1608,2,204R01007,204R01007_2014-06-02_1,0.963013325,0.926616608
204SMC600,6/10/2015,0.966363215,580,1.024240564,0.908485865,Reference,P,37.3247,-121.6702,2,204SMC600,204SMC600_2015-06-10_1,NA,NA
205CYCBBC,6/28/2010,0.826264993,599,0.837689407,0.814840579,Reference,P,37.12621772,-121.4811805,2,205CYCBBC,205CYCBBC_2010-06-28_1,1.276785718,1.227427556
205CYCBBC,5/16/2016,0.854613996,584,0.901293659,0.807934332,Reference,P,37.12621772,-121.4811805,2,205CYCBBC,205CYCBBC_2016-05-16_1,0.691160172,0.793137626
205R00305,4/27/2016,0.939801571,627,0.914944366,0.964658777,Reference,P,37.2566,-121.6626,2,205R00305,205R00305_2016-04-27_1,NA,NA
205R01070,5/4/2016,0.875206535,603,1.010963872,0.739449197,Reference,P,37.4948,-121.8986,2,205R01070,205R01070_2016-05-04_1,NA,NA
206BEA035,4/25/2001,1.034604226,1648,1.083309864,0.985898588,Reference,P,38.45060179,-122.4382199,2,206BEA035,206BEA035_2001-04-25_1,NA,NA
206CON130,5/3/2000,1.066129335,1710,1.01814826,1.11411041,Reference,P,38.48539888,-122.2956245,2,206CON130,206CON130_2000-05-03_1,NA,NA
206DRY040,4/23/2001,0.983921542,1913,1.072220979,0.895622105,Reference,P,38.36445845,-122.3721046,2,206DRY040,206DRY040_2001-04-23_1,NA,NA
206DRY060,4/23/2001,1.244608368,1809,1.124670747,1.364545989,Reference,P,38.38855251,-122.4093756,2,206DRY060,206DRY060_2001-04-23_1,NA,NA
206RCCBDC,7/20/2010,0.878801545,593,0.918593009,0.83901008,Reference,P,38.35474342,-122.4266155,2,206RCCBDC,206RCCBDC_2010-07-20_1,0.938348323,0.991852709
206RIT020,4/27/2000,1.082892704,1636,1.02289762,1.142887787,Reference,P,38.54794104,-122.5288026,2,206RIT020,206RIT020_2000-04-27_1,NA,NA
206RIT020,5/18/2015,0.770931655,634,0.83366156,0.708201749,Reference,P,38.54794104,-122.5288026,2,206RIT020,206RIT020_2015-05-18_1,1.040163834,0.99226642
304SED073,5/18/2007,0.735854124,794,0.726618025,0.745090223,Reference,P,37.11373244,-122.26962,3,304SED073,304SED073_2007-05-18_1,NA,NA
304WDCAH1,6/29/2010,1.153702723,595,1.165083066,1.142322379,Reference,P,37.11373244,-122.26962,3,304WDCAH1,304WDCAH1_2010-06-29_1,NA,NA
304WDCAH1,5/17/2016,0.919183537,581,0.940970342,0.897396733,Reference,P,37.11373244,-122.26962,3,304WDCAH1,304WDCAH1_2016-05-17_1,NA,NA
305LGCACR,7/16/2008,0.94571438,594,0.982878352,0.908550409,Reference,P,36.34910146,-120.821041,3,305LGCACR,305LGCACR_2008-07-16_1,0.976109812,0.967991556
305LGCACR,5/28/2019,0.8558082,602,0.971291974,0.740324427,Reference,P,36.34910146,-120.821041,3,305LGCACR,305LGCACR_2019-05-28_1,NA,NA
305LGCBRC,6/30/2010,1.130974125,565,1.292040478,0.969907773,Reference,P,37.14769928,-121.7733948,3,305LGCBRC,305LGCBRC_2010-06-30_1,1.016791866,1.061202934
305LGCBRC,6/11/2018,0.976189037,593,1.071033554,0.88134452,Reference,P,37.14769928,-121.7733948,3,305LGCBRC,305LGCBRC_2018-06-11_1,0.592930405,0.610730195
305SSCAUC,6/29/2010,1.005721089,563,1.1116405,0.899801677,Reference,P,37.08478483,-121.794114,3,305SSCAUC,305SSCAUC_2010-06-29_1,0.987314334,1.039129566
305UVCASC,6/29/2010,1.022020427,598,1.025011912,1.019028942,Reference,P,37.08669726,-121.7944539,3,305UVCASC,305UVCASC_2010-06-29_1,1.213765094,1.19071585
305UVCASC,6/13/2018,1.15152916,656,1.114940086,1.188118235,Reference,P,37.08669726,-121.7944539,3,305UVCASC,305UVCASC_2018-06-13_1,1.033408418,0.950143859
307CMRADC,6/22/2010,1.221677924,479,1.377664346,1.065691501,Reference,P,36.37219615,-121.6630073,3,307CMRADC,307CMRADC_2010-06-22_1,1.005848501,1.00076862
307CMRADC,5/20/2014,0.834604903,576,0.952209673,0.717000134,Reference,P,36.37219615,-121.6630073,3,307CMRADC,307CMRADC_2014-05-20_1,1.192792626,1.137027939
307CMRADC,5/20/2014,0.906151268,551,0.920363196,0.891939341,Reference,P,36.37219615,-121.6630073,3,307CMRADC,307CMRADC_2014-05-20_1,1.192792626,1.137027939
307CMRADC,5/6/2015,0.767724732,621,0.805715877,0.729733586,Reference,P,36.37219615,-121.6630073,3,307CMRADC,307CMRADC_2015-05-06_1,1.098188674,1.134717548
307SCCARR,6/21/2010,0.91723023,500,1.035592791,0.798867669,Reference,P,36.43072607,-121.798394,3,307SCCARR,307SCCARR_2010-06-21_1,0.965384542,0.883818136
308BSUxxx,3/27/2002,1.044502158,893,0.96755731,1.121447006,Reference,P,36.24559854,-121.773391,3,NA,308BSUxxx_2002-03-27_1,NA,NA
308BSUxxx,4/1/2003,1.087392058,871,0.886927534,1.287856582,Reference,P,36.24559854,-121.773391,3,NA,308BSUxxx_2003-04-01_1,NA,NA
308BSUxxx,8/5/2009,0.92808654,593,0.96755731,0.888615771,Reference,P,36.24559854,-121.773391,3,NA,308BSUxxx_2009-08-05_1,NA,NA
308BSUxxx,7/13/2010,0.882807306,606,0.896929744,0.868684868,Reference,P,36.24559854,-121.773391,3,NA,308BSUxxx_2010-07-13_1,NA,NA
308BSUxxx,8/5/2010,0.845287521,527,0.725667983,0.964907059,Reference,P,36.24559854,-121.773391,3,NA,308BSUxxx_2010-08-05_1,NA,NA
308LILPAL,6/20/2012,1.113325559,586,1.217283137,1.00936798,Reference,P,36.34034015,-121.8086251,3,308LILPAL,308LILPAL_2012-06-20_1,1.036361137,0.983489027
308LSRASC,6/13/2011,1.191479656,407,1.129190359,1.253768953,Reference,P,36.32584262,-121.7893302,3,308LSRASC,308LSRASC_2011-06-13_1,1.098506921,1.068679004
308LSRASC,7/18/2011,1.076809985,322,1.066457562,1.087162409,Reference,P,36.32584262,-121.7893302,3,308LSRASC,308LSRASC_2011-07-18_1,1.022393122,0.987767074
308MWCAH1,6/23/2010,0.388439376,605,0.344542296,0.432336457,Reference,P,36.16257785,-121.6659814,3,308MWCAH1,308MWCAH1_2010-06-23_1,0.907838373,0.908906214
308PS0156,6/19/2012,1.122041513,572,1.223572327,1.0205107,Reference,P,36.32767439,-121.7897616,3,308PS0156,308PS0156_2012-06-19_1,0.95611535,1.028371904
308PS0156,6/12/2018,1.0762549,604,1.013993188,1.138516612,Reference,P,36.32767439,-121.7897616,3,308PS0156,308PS0156_2018-06-12_1,0.772686992,0.747643283
308PS0308,4/28/2015,0.849555161,579,0.862388945,0.836721377,Reference,P,35.9998586,-121.4548145,3,308PS0308,308PS0308_2015-04-28_1,NA,NA
308PWCAH1,6/22/2010,1.232572127,607,1.268479999,1.196664255,Reference,P,35.93554569,-121.46781,3,308PWCAH1,308PWCAH1_2010-06-22_1,1.097436521,1.121880301
308ROCBBQ,6/21/2012,0.926958597,317,0.951932407,0.901984786,Reference,P,36.37814575,-121.8862109,3,308ROCBBQ,308ROCBBQ_2012-06-21_1,1.033136539,1.014350266
308ROCBBQ,6/11/2020,1.012670121,591,1.098122027,0.927218214,Reference,P,36.37814575,-121.8862109,3,308ROCBBQ,308ROCBBQ_2020-06-11_1,0.968866839,0.899328687
308SAMxxx,6/23/2010,0.877294234,617,0.838592655,0.915995814,Reference,P,35.81439054,-121.3589594,3,NA,308SAMxxx_2010-06-23_1,NA,NA
308SANWIL,6/12/2012,1.110516897,590,1.192645837,1.028387957,Reference,P,36.49054765,-121.8672811,3,308SANWIL,308SANWIL_2012-06-12_1,0.810928638,0.800199795
308SBCAH1,6/21/2010,1.039575822,589,1.180668433,0.89848321,Reference,P,36.45626997,-121.9252228,3,308SBCAH1,308SBCAH1_2010-06-21_1,1.003391322,0.987476713
308SBCAH1,6/21/2010,1.041071921,566,1.143280493,0.938863348,Reference,P,36.45626997,-121.9252228,3,308SBCAH1,308SBCAH1_2010-06-21_1,1.003391322,0.987476713
308SBCAH1,5/18/2016,1.073859142,626,1.220024047,0.927694237,Reference,P,36.45626997,-121.9252228,3,308SBCAH1,308SBCAH1_2016-05-18_1,0.732073268,0.882846946
308SBCAH1,5/18/2016,1.152727792,587,1.318413083,0.987042501,Reference,P,36.45626997,-121.9252228,3,308SBCAH1,308SBCAH1_2016-05-18_1,0.732073268,0.882846946
308WER325,5/5/2004,1.123162835,462,1.144675298,1.101650372,Reference,P,36.32869898,-121.7952402,3,308WER325,308WER325_2004-05-05_1,NA,NA
308WER325,5/5/2004,1.228154996,485,1.271861443,1.184448549,Reference,P,36.32869898,-121.7952402,3,308WER325,308WER325_2004-05-05_1,NA,NA
308WER325,5/4/2015,1.124818703,564,1.217807331,1.031830075,Reference,P,36.32869898,-121.7952402,3,308WER325,308WER325_2015-05-04_1,1.101886839,1.107682624
308WLO,6/9/2020,0.802375214,582,0.729165129,0.875585299,Reference,P,35.8935202,-121.4616141,3,308WLO,308WLO_2020-06-09_1,1.183250351,1.189197957
308WLOxxx,4/22/2001,0.833206764,906,0.911456411,0.754957116,Reference,P,35.8935202,-121.4616141,3,NA,308WLOxxx_2001-04-22_1,NA,NA
308WLOxxx,4/7/2004,0.817591388,873,0.806539132,0.828643644,Reference,P,35.8935202,-121.4616141,3,NA,308WLOxxx_2004-04-07_1,NA,NA
308WLOxxx,4/11/2007,0.937632326,566,1.093747693,0.78151696,Reference,P,35.8935202,-121.4616141,3,NA,308WLOxxx_2007-04-11_1,NA,NA
308WLOxxx,4/11/2007,1.007122121,597,1.276038975,0.738205266,Reference,P,35.8935202,-121.4616141,3,NA,308WLOxxx_2007-04-11_1,NA,NA
308WLOxxx,7/21/2009,0.95100441,579,1.093747693,0.808261127,Reference,P,35.8935202,-121.4616141,3,NA,308WLOxxx_2009-07-21_1,NA,NA
309ARSARC,6/23/2010,1.251596124,593,1.263295489,1.239896759,Reference,P,36.1198069,-121.4688849,3,309ARSARC,309ARSARC_2010-06-23_1,1.019153766,1.101031421
309CAW126,6/17/2003,1.066015139,553,1.070741584,1.061288693,Reference,P,36.23071982,-121.5515624,3,309CAW126,309CAW126_2003-06-17_1,NA,NA
309CAW126,6/17/2003,1.08883073,512,1.197164678,0.980496783,Reference,P,36.23071982,-121.5515624,3,309CAW126,309CAW126_2003-06-17_1,NA,NA
309CAW126,5/21/2014,1.045537405,636,1.076690149,1.014384662,Reference,P,36.23071982,-121.5515624,3,309CAW126,309CAW126_2014-05-21_1,1.21348805,1.147894223
309CAW126,5/30/2017,0.787811522,363,0.773313367,0.802309677,Reference,P,36.23071982,-121.5515624,3,309CAW126,309CAW126_2017-05-30_1,0.881297456,0.991564902
309CAW130,6/12/2003,1.026335369,500,1.155247314,0.897423424,Reference,P,35.98618668,-121.3570484,3,309CAW130,309CAW130_2003-06-12_1,NA,NA
309CAW130,6/12/2003,1.184058606,481,1.238012125,1.130105086,Reference,P,35.98618668,-121.3570484,3,309CAW130,309CAW130_2003-06-12_1,NA,NA
309CAW130,4/29/2015,0.778852074,597,0.842367833,0.715336315,Reference,P,35.98618668,-121.3570484,3,309CAW130,309CAW130_2015-04-29_1,1.136927812,1.089859908
309CAW174,5/20/2003,0.795149715,506,0.717971648,0.872327783,Reference,P,36.09276821,-121.434252,3,309CAW174,309CAW174_2003-05-20_1,NA,NA
309CAW174,5/20/2003,0.961548347,502,1.107171143,0.815925551,Reference,P,36.09276821,-121.434252,3,309CAW174,309CAW174_2003-05-20_1,NA,NA
309CAW174,5/6/2015,0.665470946,265,0.738114096,0.592827797,Reference,P,36.09276821,-121.434252,3,309CAW174,309CAW174_2015-05-06_1,1.063835765,1.003599632
309CAW174,6/1/2017,0.820113258,594,0.904189767,0.73603675,Reference,P,36.09276821,-121.434252,3,309CAW174,309CAW174_2017-06-01_1,0.908819503,0.783706089
309CAW178,5/21/2003,0.689010578,470,0.756344989,0.621676168,Reference,P,36.08531517,-121.3941823,3,309CAW178,309CAW178_2003-05-21_1,NA,NA
309CAW178,5/21/2003,0.949980178,486,1.245755013,0.654205343,Reference,P,36.08531517,-121.3941823,3,309CAW178,309CAW178_2003-05-21_1,NA,NA
309CAW178,4/30/2015,0.68269439,588,0.739671751,0.62571703,Reference,P,36.08531517,-121.3941823,3,309CAW178,309CAW178_2015-04-30_1,1.027049766,1.040439586
309PS0116,6/16/2011,0.979972465,604,0.777355391,1.18258954,Reference,P,36.06400288,-121.3261577,3,309PS0116,309PS0116_2011-06-16_1,1.052246956,1.14864039
309PS0116,6/16/2011,1.007767316,602,0.900877024,1.114657609,Reference,P,36.06400288,-121.3261577,3,309PS0116,309PS0116_2011-06-16_1,1.052246956,1.14864039
309SARANF,8/26/2008,1.19046094,584,1.230957321,1.14996456,Reference,P,36.06447703,-121.3852597,3,309SARANF,309SARANF_2008-08-26_1,1.046496834,0.915009462
309SARANF,6/11/2019,1.112010723,548,1.079863143,1.144158304,Reference,P,36.06447703,-121.3852597,3,309SARANF,309SARANF_2019-06-11_1,NA,NA
309SED062,5/19/2007,0.836071691,628,0.785329887,0.886813494,Reference,P,36.00338972,-121.3914057,3,309SED062,309SED062_2007-05-19_1,NA,NA
309WLCATC,6/22/2010,1.261076008,570,1.281264165,1.24088785,Reference,P,36.21301111,-121.5350733,3,309WLCATC,309WLCATC_2010-06-22_1,0.985669688,1.089480094
310COO,5/29/2019,0.815938516,598,0.855449976,0.776427056,Reference,P,35.2549357,-120.887212,3,310COO,310COO_2019-05-29_1,NA,NA
310COOxxx,3/29/2002,1.108639806,903,1.165969994,1.051309618,Reference,P,35.2549357,-120.887212,3,NA,310COOxxx_2002-03-29_1,NA,NA
310COOxxx,3/25/2003,0.963677496,813,0.795767419,1.131587574,Reference,P,35.2549357,-120.887212,3,NA,310COOxxx_2003-03-25_1,NA,NA
310COOxxx,4/22/2003,1.030766503,762,0.954920903,1.106612102,Reference,P,35.2549357,-120.887212,3,NA,310COOxxx_2003-04-22_1,NA,NA
310COOxxx,6/24/2010,0.900038499,589,0.875344161,0.924732837,Reference,P,35.2549357,-120.887212,3,NA,310COOxxx_2010-06-24_1,NA,NA
310LPCBPC,6/9/2009,1.075577022,593,1.146581575,1.004572468,Reference,P,35.26539078,-120.5226007,3,310LPCBPC,310LPCBPC_2009-06-09_1,1.214458672,1.210680855
312CAW052,5/14/2003,0.550425136,523,0.689283287,0.411566984,Reference,P,35.1369882,-120.1887699,3,312CAW052,312CAW052_2003-05-14_1,NA,NA
312CAW052,5/14/2003,0.568815445,549,0.590814246,0.546816644,Reference,P,35.1369882,-120.1887699,3,312CAW052,312CAW052_2003-05-14_1,NA,NA
312DAVDAV,6/7/2012,1.179656379,549,1.301604233,1.057708525,Reference,P,34.7610735,-119.9535898,3,312DAVDAV,312DAVDAV_2012-06-07_1,1.065926788,1.01425671
312MZCDBC,6/14/2010,0.997575483,602,0.899038001,1.096112965,Reference,P,34.77057782,-119.9364104,3,312MZCDBC,312MZCDBC_2010-06-14_1,1.017187556,1.006230777
312MZCDBC,5/13/2014,0.710213175,614,0.738079361,0.682346989,Reference,P,34.77057782,-119.9364104,3,312MZCDBC,312MZCDBC_2014-05-13_1,1.280958609,1.208791023
312MZCDBC,5/5/2015,0.491813687,433,0.415169641,0.568457733,Reference,P,34.77057782,-119.9364104,3,312MZCDBC,312MZCDBC_2015-05-05_1,1.031312264,0.978124401
312MZCDBC,5/17/2016,0.767343207,596,0.830339281,0.704347133,Reference,P,34.77057782,-119.9364104,3,312MZCDBC,312MZCDBC_2016-05-17_1,0.737732968,0.701293238
312MZCDBC,5/31/2017,0.849022341,542,0.897437405,0.800607278,Reference,P,34.77057782,-119.9364104,3,312MZCDBC,312MZCDBC_2017-05-31_1,1.033701611,0.982388675
312MZCDBC,5/22/2018,1.114279203,620,1.203572594,1.024985812,Reference,P,34.77057782,-119.9364104,3,312MZCDBC,312MZCDBC_2018-05-22_1,1.067957047,1.039393491
312MZCDBC,5/29/2019,0.760756882,540,0.796790219,0.724723544,Reference,P,34.77057782,-119.9364104,3,312MZCDBC,312MZCDBC_2019-05-29_1,NA,NA
312PS0099,6/14/2010,0.649713107,528,0.659424779,0.640001435,Reference,P,34.77957633,-119.9579578,3,312PS0099,312PS0099_2010-06-14_1,0.927371041,0.925743639
312PS0099,6/14/2010,0.999338406,610,1.1310086,0.867668211,Reference,P,34.77957633,-119.9579578,3,312PS0099,312PS0099_2010-06-14_1,0.927371041,0.925743639
312RYCALR,6/16/2010,1.243809651,579,1.313554798,1.174064503,Reference,P,34.67439327,-119.2975368,3,312RYCALR,312RYCALR_2010-06-16_1,1.027769698,1.080050724
312WE1028,5/29/2002,1.045765457,474,1.316853782,0.774677131,Reference,P,34.74724787,-119.716677,3,312WE1028,312WE1028_2002-05-29_1,NA,NA
312WE1028,5/29/2002,1.194915868,493,1.276378198,1.113453539,Reference,P,34.74724787,-119.716677,3,312WE1028,312WE1028_2002-05-29_1,NA,NA
312WE1035,5/30/2002,1.03161103,488,1.089499913,0.973722147,Reference,P,34.73255449,-119.6771076,3,312WE1035,312WE1035_2002-05-30_1,NA,NA
312WE1035,5/30/2002,1.074673414,507,0.983986039,1.165360788,Reference,P,34.73255449,-119.6771076,3,312WE1035,312WE1035_2002-05-30_1,NA,NA
314SCCNSY,4/23/2014,0.77908685,562,0.886049013,0.672124687,Reference,P,34.59637601,-119.9084211,3,314SCCNSY,314SCCNSY_2014-04-23_1,NA,NA
314WE0677,5/9/2002,1.123478983,508,1.140107236,1.10685073,Reference,P,34.74761088,-120.0543524,3,314WE0677,314WE0677_2002-05-09_1,NA,NA
314WE0677,5/9/2002,1.199510465,490,1.089372636,1.309648293,Reference,P,34.74761088,-120.0543524,3,314WE0677,314WE0677_2002-05-09_1,NA,NA
314WE0677,7/23/2008,0.98474554,577,0.921776846,1.047714234,Reference,P,34.74761088,-120.0543524,3,314WE0677,314WE0677_2008-07-23_1,NA,NA
314WE0779,7/11/2001,1.084726845,501,1.20571423,0.963739459,Reference,P,34.67015892,-119.754612,3,314WE0779,314WE0779_2001-07-11_1,NA,NA
314WE0779,7/11/2001,1.138085619,503,1.096103845,1.180067392,Reference,P,34.67015892,-119.754612,3,314WE0779,314WE0779_2001-07-11_1,NA,NA
314WE0779,7/11/2001,1.170676522,842,1.285406425,1.055946618,Reference,P,34.67015892,-119.754612,3,314WE0779,314WE0779_2001-07-11_1,NA,NA
314WE0796,7/10/2001,1.127667102,884,1.130222732,1.125111472,Reference,P,34.68354218,-119.8011571,3,314WE0796,314WE0796_2001-07-10_1,NA,NA
314WE0796,7/10/2001,1.164183995,496,1.271500574,1.056867417,Reference,P,34.68354218,-119.8011571,3,314WE0796,314WE0796_2001-07-10_1,NA,NA
314WE0796,7/10/2001,1.235261218,489,1.341900716,1.128621719,Reference,P,34.68354218,-119.8011571,3,314WE0796,314WE0796_2001-07-10_1,NA,NA
504CE0514,7/28/2005,0.82919758,479,0.821247266,0.837147893,Reference,P,39.99712236,-121.9674513,5,504CE0514,504CE0514_2005-07-28_1,NA,NA
504CE0514,7/28/2005,0.841927574,495,0.821247266,0.862607882,Reference,P,39.99712236,-121.9674513,5,504CE0514,504CE0514_2005-07-28_1,NA,NA
504CE0514,8/26/2019,0.938273397,592,0.936221883,0.94032491,Reference,P,39.99712236,-121.9674513,5,504CE0514,504CE0514_2019-08-26_1,NA,NA
504DCFRxx,10/16/2002,1.001025875,880,1.067597578,0.934454172,Reference,P,40.10503505,-122.039228,5,504DCFRxx,504DCFRxx_2002-10-16_1,NA,NA
504DCFRxx,7/27/2010,1.009779356,588,1.067597578,0.951961133,Reference,P,40.10503505,-122.039228,5,504DCFRxx,504DCFRxx_2010-07-27_1,1.093054737,1.080728457
504WE0527,8/20/2001,0.989478924,507,0.8212687,1.157689149,Reference,P,40.10751946,-122.031096,5,504WE0527,504WE0527_2001-08-20_1,NA,NA
504WE0527,8/20/2001,1.009461462,806,0.962989947,1.055932976,Reference,P,40.10751946,-122.031096,5,504WE0527,504WE0527_2001-08-20_1,NA,NA
504WE0527,8/20/2001,1.018088922,490,0.98552244,1.050655404,Reference,P,40.10751946,-122.031096,5,504WE0527,504WE0527_2001-08-20_1,NA,NA
504WE0527,7/2/2013,0.885868284,596,0.940352662,0.831383906,Reference,P,40.10751946,-122.031096,5,504WE0527,504WE0527_2013-07-02_1,0.984921842,0.895251759
504WE0527,7/2/2013,0.948216307,596,0.948565349,0.947867266,Reference,P,40.10751946,-122.031096,5,504WE0527,504WE0527_2013-07-02_1,0.984921842,0.895251759
508ACNFPW,10/9/2002,0.89716628,877,0.804690418,0.989642141,Reference,P,40.28075595,-121.7662868,5,508ACNFPW,508ACNFPW_2002-10-09_1,NA,NA
508ACNFPW,8/30/2017,0.980165869,633,1.044111782,0.916219957,Reference,P,40.28075595,-121.7662868,5,508ACNFPW,508ACNFPW_2017-08-30_1,1.08815468,1.089200252
508ACNFPW,7/16/2020,0.994209438,573,0.952810527,1.035608348,Reference,P,40.28075595,-121.7662868,5,508ACNFPW,508ACNFPW_2020-07-16_1,1.150101498,1.087444993
509ACNFPP,10/10/2002,1.021286937,841,1.028341246,1.014232627,Reference,P,40.24151768,-121.8625736,5,509ACNFPP,509ACNFPP_2002-10-10_1,NA,NA
509ACNFPP,7/30/2008,1.044831364,589,1.127798149,0.961864579,Reference,P,40.24151768,-121.8625736,5,509ACNFPP,509ACNFPP_2008-07-30_1,1.059979693,1.003515083
509ACNFPP,9/16/2008,0.956367216,602,1.015018334,0.897716098,Reference,P,40.24151768,-121.8625736,5,509ACNFPP,509ACNFPP_2008-09-16_1,0.995927215,0.860520702
509ACNFPP,9/25/2014,1.010816298,620,0.989642876,1.03198972,Reference,P,40.24151768,-121.8625736,5,509ACNFPP,509ACNFPP_2014-09-25_1,0.95289317,0.936480161
509ACNFPP,7/27/2015,0.987208161,586,1.105242186,0.869174136,Reference,P,40.24151768,-121.8625736,5,509ACNFPP,509ACNFPP_2015-07-27_1,1.086026987,1.058877883
509ACNFPP,7/27/2015,1.014799106,676,1.082686223,0.946911989,Reference,P,40.24151768,-121.8625736,5,509ACNFPP,509ACNFPP_2015-07-27_1,1.086026987,1.058877883
509ACNFPP,9/14/2016,0.987492495,680,0.933252968,1.041732022,Reference,P,40.24151768,-121.8625736,5,509ACNFPP,509ACNFPP_2016-09-14_1,1.069115307,1.060573651
509ACNFPP,9/14/2016,1.05393726,590,1.105242186,1.002632333,Reference,P,40.24151768,-121.8625736,5,509ACNFPP,509ACNFPP_2016-09-14_1,1.069115307,1.060573651
509ACS335,9/28/2016,0.964377364,555,1.027299405,0.901455323,Reference,P,40.23855469,-121.8572328,5,NA,509ACS335_2016-09-28_1,NA,NA
509ACS335,9/16/2019,0.921316306,573,0.995996653,0.84663596,Reference,P,40.23855469,-121.8572328,5,NA,509ACS335_2019-09-16_1,NA,NA
509ACSFPP,10/10/2002,1.137845799,869,1.035746803,1.239944796,Reference,P,40.24141277,-121.8621056,5,509ACSFPP,509ACSFPP_2002-10-10_1,NA,NA
509ACSFPP,7/16/2008,1.06374069,605,1.13105943,0.99642195,Reference,P,40.24141277,-121.8621056,5,509ACSFPP,509ACSFPP_2008-07-16_1,1.05949618,1.152092883
509ACSFPP,10/27/2020,1.141034504,599,1.097127647,1.18494136,Reference,P,40.24141277,-121.8621056,5,509ACSFPP,509ACSFPP_2020-10-27_1,1.057381352,1.041165537
509ACSFPP,10/27/2020,1.028954182,597,0.995332298,1.062576065,Reference,P,40.24141277,-121.8621056,5,509ACSFPP,509ACSFPP_2020-10-27_1,1.057381352,1.041165537
509ATCINC,7/14/2008,1.094115766,600,1.153162983,1.035068548,Reference,P,40.23309871,-121.8784189,5,509ATCINC,509ATCINC_2008-07-14_1,1.012535605,1.017063527
509CE0081,6/2/2004,1.068851993,493,1.080883075,1.056820912,Reference,P,40.21253278,-121.9470992,5,509CE0081,509CE0081_2004-06-02_1,NA,NA
509CE0081,6/2/2004,1.086767793,483,1.148438267,1.025097318,Reference,P,40.21253278,-121.9470992,5,509CE0081,509CE0081_2004-06-02_1,NA,NA
509CE0162,9/6/2005,0.782729821,480,0.86577516,0.699684481,Reference,P,40.06017231,-121.9478016,5,509CE0162,509CE0162_2005-09-06_1,NA,NA
509CE0162,9/6/2005,0.817280199,499,0.908867104,0.725693295,Reference,P,40.06017231,-121.9478016,5,509CE0162,509CE0162_2005-09-06_1,NA,NA
509CWCPLR,10/10/2002,0.907170172,874,0.837396792,0.976943551,Reference,P,40.20988618,-121.9276781,5,509CWCPLR,509CWCPLR_2002-10-10_1,NA,NA
509CWCPLR,7/7/2008,0.867374272,584,0.837396792,0.897351753,Reference,P,40.20988618,-121.9276781,5,509CWCPLR,509CWCPLR_2008-07-07_1,1.086162096,1.030469915
509FCA054,9/21/2009,0.913903573,734,0.958346678,0.869460468,Reference,P,40.21812279,-121.9988993,5,509FCA054,509FCA054_2009-09-21_1,NA,NA
509FCA054,8/27/2013,0.908065171,598,0.873922819,0.942207522,Reference,P,40.21812279,-121.9988993,5,509FCA054,509FCA054_2013-08-27_1,1.030951923,0.97276329
509FCA054,9/10/2019,1.090298899,567,1.088281247,1.092316551,Reference,P,40.21812279,-121.9988993,5,509FCA054,509FCA054_2019-09-10_1,NA,NA
509ICPPCX,10/10/2002,0.980678639,874,0.982786411,0.978570867,Reference,P,40.23313846,-121.8778714,5,509ICPPCX,509ICPPCX_2002-10-10_1,NA,NA
509ICPPCX,7/30/2008,0.970357029,598,0.92136226,1.019351799,Reference,P,40.23313846,-121.8778714,5,509ICPPCX,509ICPPCX_2008-07-30_1,0.860479376,0.808426422
509ICPPCX,9/10/2008,1.036705469,596,0.982786411,1.090624527,Reference,P,40.23313846,-121.8778714,5,509ICPPCX,509ICPPCX_2008-09-10_1,0.903945876,1.00635222
509PCDTWR,10/9/2002,0.897586951,842,0.939299493,0.85587441,Reference,P,40.31173177,-121.8865247,5,509PCDTWR,509PCDTWR_2002-10-09_1,NA,NA
509PCDTWR,7/15/2008,1.034964649,598,1.174124366,0.895804932,Reference,P,40.31173177,-121.8865247,5,509PCDTWR,509PCDTWR_2008-07-15_1,1.027576323,0.914064217
509PCDTWR,9/3/2008,0.942972204,590,1.077569081,0.808375327,Reference,P,40.31173177,-121.8865247,5,509PCDTWR,509PCDTWR_2008-09-03_1,0.922226062,0.791574357
509PMC197,7/2/2014,0.966176608,583,0.876991472,1.055361743,Reference,P,40.31215097,-121.891156,5,509PMC197,509PMC197_2014-07-02_1,NA,NA
509PMC197,8/28/2017,1.04,594,1.01,1.06,Reference,P,40.31215097,-121.891156,5,509PMC197,509PMC197_2017-08-28_1,NA,NA
509PMC197,7/7/2020,1.048052333,571,0.982582419,1.113522248,Reference,P,40.31215097,-121.891156,5,509PMC197,509PMC197_2020-07-07_1,1.048714965,0.84233597
509PS0170,7/26/2010,1.068052062,555,1.043213755,1.092890369,Reference,P,40.26505186,-121.7681249,5,509PS0170,509PS0170_2010-07-26_1,1.037792675,1.115299516
509PS0234,7/21/2011,0.802818462,559,0.777518244,0.828118681,Reference,P,40.23194797,-121.8989795,5,509PS0234,509PS0234_2011-07-21_1,1.057538583,1.037092397
509PS0234,8/15/2011,1.070333142,484,1.059844352,1.080821932,Reference,P,40.23194797,-121.8989795,5,509PS0234,509PS0234_2011-08-15_1,1.011289063,1.008880341
513CCNASC,7/16/2014,0.545879165,590,0.346056821,0.745701509,Reference,P,39.165746,-122.6199891,5,513CCNASC,513CCNASC_2014-07-16_1,0.986277212,0.920767818
513CCNASC,10/29/2018,0.759344715,609,0.674089849,0.844599582,Reference,P,39.165746,-122.6199891,5,513CCNASC,513CCNASC_2018-10-29_1,NA,NA
513PS0008,6/25/2008,0.826229956,577,0.781723873,0.87073604,Reference,P,38.93238602,-122.9322325,5,513PS0008,513PS0008_2008-06-25_1,0.957707264,1.053038875
513PS0008,8/7/2008,0.760401363,587,0.781723873,0.739078853,Reference,P,38.93238602,-122.9322325,5,513PS0008,513PS0008_2008-08-07_1,0.965256063,0.843147314
513PS0008,6/11/2009,0.617584714,565,0.575549162,0.659620266,Reference,P,38.93238602,-122.9322325,5,513PS0008,513PS0008_2009-06-11_1,1.164244287,1.116696177
513PS0008,9/1/2010,0.802118947,205,0.651436561,0.952801333,Reference,P,38.93238602,-122.9322325,5,513PS0008,513PS0008_2010-09-01_1,0.873152442,0.873421809
513PS0984,6/26/2019,0.734427501,630,0.726820596,0.742034407,Reference,P,39.16049968,-122.6010556,5,NA,513PS0984_2019-06-26_1,NA,NA
513PS1032,6/24/2019,0.681753878,574,0.786119624,0.577388132,Reference,P,38.93456373,-122.9114252,5,NA,513PS1032_2019-06-24_1,NA,NA
513STCAIV,6/27/2012,0.665219681,568,0.808358744,0.522080618,Reference,P,39.18457301,-122.5357221,5,513STCAIV,513STCAIV_2012-06-27_1,1.183316739,1.166496992
513STCAIV,6/12/2014,0.670994282,549,0.816649603,0.525338962,Reference,P,39.18457301,-122.5357221,5,513STCAIV,513STCAIV_2014-06-12_1,1.253353568,1.200734972
513STCAIV,5/20/2015,0.645045351,559,0.779340738,0.510749964,Reference,P,39.18457301,-122.5357221,5,513STCAIV,513STCAIV_2015-05-20_1,1.154652563,1.135159276
513STCAIV,5/31/2016,0.611437715,470,0.708868437,0.514006993,Reference,P,39.18457301,-122.5357221,5,513STCAIV,513STCAIV_2016-05-31_1,1.204799926,1.163506219
513STCAIV,6/5/2017,0.81009941,568,0.99075764,0.62944118,Reference,P,39.18457301,-122.5357221,5,513STCAIV,513STCAIV_2017-06-05_1,1.087838368,1.069196026
513STCAIV,7/11/2018,0.476959732,618,0.60937813,0.344541335,Reference,P,39.18457301,-122.5357221,5,513STCAIV,513STCAIV_2018-07-11_1,1.204799926,1.159904431
513STCAIV,10/26/2018,0.655197038,597,0.692286719,0.618107358,Reference,P,39.18457301,-122.5357221,5,513STCAIV,513STCAIV_2018-10-26_1,NA,NA
513UNCAKC,10/25/2018,0.709753177,618,0.777843839,0.641662515,Reference,P,39.16741388,-122.5076985,5,513UNCAKC,513UNCAKC_2018-10-25_1,NA,NA
522CE0027,6/3/2004,0.842771915,472,0.910187193,0.775356637,Reference,P,39.29118144,-122.5590115,5,522CE0027,522CE0027_2004-06-03_1,NA,NA
522CE0027,6/3/2004,0.863584731,490,0.978675406,0.748494057,Reference,P,39.29118144,-122.5590115,5,522CE0027,522CE0027_2004-06-03_1,NA,NA
522CE0027,6/9/2014,0.900757491,562,0.843440132,0.95807485,Reference,P,39.29118144,-122.5590115,5,522CE0027,522CE0027_2014-06-09_1,1.032107407,1.00838032
522CE0027,8/11/2020,0.79599449,587,0.509704828,1.082284152,Reference,P,39.29118144,-122.5590115,5,522CE0027,522CE0027_2020-08-11_1,0.623887529,0.551756067
522MFSCMC,11/3/2000,1.084363408,858,0.950703584,1.218023231,Reference,P,39.37761871,-122.6532221,5,522MFSCMC,522MFSCMC_2000-11-03_1,NA,NA
522MFSCRB,9/18/2008,1.0560797,588,1.013637417,1.098521984,Reference,P,39.37761871,-122.6532221,5,522MFSCRB,522MFSCRB_2008-09-18_1,0.986461933,0.964939458
522MFSCRB,9/18/2008,1.067878252,594,1.010122558,1.125633946,Reference,P,39.37761871,-122.6532221,5,522MFSCRB,522MFSCRB_2008-09-18_1,0.986461933,0.964939458
522MFSCRB,9/11/2019,1.016433053,599,0.974471173,1.058394933,Reference,P,39.37761871,-122.6532221,5,522MFSCRB,522MFSCRB_2019-09-11_1,NA,NA
522PS0504,6/11/2013,0.44849337,645,0.511784528,0.385202212,Reference,P,39.28089987,-122.6249052,5,522PS0504,522PS0504_2013-06-11_1,0.946694818,0.970036937
522PS0504,6/11/2013,0.490073336,596,0.590233251,0.38991342,Reference,P,39.28089987,-122.6249052,5,522PS0504,522PS0504_2013-06-11_1,0.946694818,0.970036937
523TMCATG,10/5/2009,0.747921328,585,0.682899737,0.812942918,Reference,P,39.85365304,-122.6709404,5,523TMCATG,523TMCATG_2009-10-05_1,1.034015163,0.937198794
524ACMFPW,10/9/2002,1.06174095,857,1.099668694,1.023813205,Reference,P,40.26751694,-121.7756355,5,524ACMFPW,524ACMFPW_2002-10-09_1,NA,NA
524PS0342,7/18/2012,0.822755534,601,0.840715103,0.804795965,Reference,P,40.16992492,-122.6752903,5,524PS0342,524PS0342_2012-07-18_1,0.760950192,0.699649288
524PS0650,7/1/2014,1.09027636,583,1.104709834,1.075842887,Reference,P,40.54267967,-122.5801591,5,524PS0650,524PS0650_2014-07-01_1,1.067184297,1.062085168
524PS0650,7/1/2014,1.092054578,587,1.124847774,1.059261382,Reference,P,40.54267967,-122.5801591,5,524PS0650,524PS0650_2014-07-01_1,1.067184297,1.062085168
524PS0650,7/17/2014,1.166303304,547,1.254305957,1.078300651,Reference,P,40.54267967,-122.5801591,5,524PS0650,524PS0650_2014-07-17_1,1.114255322,1.085657588
524PS0650,6/23/2020,0.848870789,582,0.874561952,0.823179626,Reference,P,40.54267967,-122.5801591,5,524PS0650,524PS0650_2020-06-23_1,1.11569915,1.023763461
540WLW100,8/28/2012,0.811529234,618,0.905756347,0.717302122,Reference,P,37.17185148,-119.4786534,5,540WLW100,540WLW100_2012-08-28_1,NA,NA
552DKC292,5/27/2015,0.390001673,601,0.508781636,0.271221709,Reference,P,36.92794957,-119.1339185,5,552DKC292,552DKC292_2015-05-27_1,NA,NA
552FCA017,8/19/2008,0.663134338,571,0.659545304,0.666723372,Reference,P,36.96367359,-119.2313961,5,552FCA017,552FCA017_2008-08-19_1,NA,NA
552FCA017,7/9/2013,0.711861467,438,0.799840303,0.62388263,Reference,P,36.96367359,-119.2313961,5,552FCA017,552FCA017_2013-07-09_1,1.019870182,0.878644511
552FCA017,7/30/2013,0.548313711,135,0.283129311,0.813498112,Reference,P,36.96367359,-119.2313961,5,552FCA017,552FCA017_2013-07-30_1,0.841297271,0.763020292
552FCA017,7/17/2019,0.938395644,691,1.019265519,0.857525769,Reference,P,36.96367359,-119.2313961,5,552FCA017,552FCA017_2019-07-17_1,NA,NA
552FCA017,7/30/2019,1.097549371,607,1.061734916,1.133363826,Reference,P,36.96367359,-119.2313961,5,552FCA017,552FCA017_2019-07-30_1,NA,NA
552MFC331,5/13/2015,0.899533192,613,1.058837948,0.740228437,Reference,P,36.84329556,-119.0764999,5,552MFC331,552MFC331_2015-05-13_1,NA,NA
552PS0028,6/18/2008,0.986932855,657,0.994480117,0.979385593,Reference,P,36.84306028,-119.0971832,5,552PS0028,552PS0028_2008-06-18_1,0.744117414,0.699422217
552PS0028,6/18/2008,1.137798314,602,1.168473001,1.107123628,Reference,P,36.84306028,-119.0971832,5,552PS0028,552PS0028_2008-06-18_1,0.744117414,0.699422217
552PS0284,8/29/2011,1.240293486,615,1.326972911,1.153614061,Reference,P,36.90905851,-119.1272701,5,552PS0284,552PS0284_2011-08-29_1,1.061335252,1.10054021
552R5NPDC,3/19/2019,0.837367975,393,0.728894153,0.945841797,Reference,P,36.8248349,-119.089054,5,552R5NPDC,552R5NPDC_2019-03-19_1,1.125106531,1.088126477
552R5NPDC,4/23/2019,0.878913793,625,0.80907251,0.948755076,Reference,P,36.8248349,-119.089054,5,552R5NPDC,552R5NPDC_2019-04-23_1,0.906543273,0.855821184
552R5NPDC,5/21/2019,0.767120911,604,0.838228276,0.696013546,Reference,P,36.8248349,-119.089054,5,552R5NPDC,552R5NPDC_2019-05-21_1,0.988284148,0.911876964
552R5NPDC,7/2/2019,1.096431066,567,1.275564768,0.917297363,Reference,P,36.8248349,-119.089054,5,552R5NPDC,552R5NPDC_2019-07-02_1,0.776758587,0.815374434
552R5NPDC,7/31/2019,1.094240067,596,1.231831119,0.956649016,Reference,P,36.8248349,-119.089054,5,552R5NPDC,552R5NPDC_2019-07-31_1,0.817016552,0.821004075
553KRNAYC,8/23/2011,1.187311782,580,1.038137128,1.336486435,Reference,P,36.54645788,-118.897798,5,553KRNAYC,553KRNAYC_2011-08-23_1,NA,NA
553KRNAYC,10/13/2011,1.193599806,627,1.038137128,1.349062484,Reference,P,36.54645788,-118.897798,5,553KRNAYC,553KRNAYC_2011-10-13_1,0.817800172,0.966413967
553KRNAYC,6/17/2014,1.101890456,557,1.245764553,0.958016359,Reference,P,36.54645788,-118.897798,5,553KRNAYC,553KRNAYC_2014-06-17_1,0.943690655,0.947176852
553WER224,7/7/2004,0.923045277,461,0.726655154,1.1194354,Reference,P,36.54691943,-118.898791,5,553WER224,553WER224_2004-07-07_1,NA,NA
553WER224,7/7/2004,0.99203636,468,1.038078792,0.945993928,Reference,P,36.54691943,-118.898791,5,553WER224,553WER224_2004-07-07_1,NA,NA
554LCCADR,6/10/2008,0.883769658,584,0.997937325,0.769601992,Reference,P,35.48086346,-118.6802004,5,554LCCADR,554LCCADR_2008-06-10_1,0.898664193,0.938265213
555PS0064,6/17/2008,1.104254159,590,1.23961263,0.968895687,Reference,P,36.18223438,-118.7880582,5,555PS0064,555PS0064_2008-06-17_1,0.736772688,0.947012486
R5BIO-001,6/12/2001,0.951344402,504,0.966217884,0.93647092,Reference,P,39.32709256,-122.8311121,1,111FS0001,111FS0001_2001-06-12_1,NA,NA
R5BIO-008,6/22/2001,0.910317346,568,0.929381589,0.891253104,Reference,P,39.31929726,-122.8454015,1,111FS0008,111FS0008_2001-06-22_1,NA,NA
R5BIO-157,9/11/2000,1.021561113,546,0.89128461,1.151837617,Reference,P,39.37761871,-122.6532221,5,NA,R5BIO-157_2000-09-11_1,NA,NA
R5BIO-224,8/14/2000,1.094162226,560,0.846135355,1.342189098,Reference,P,36.54645788,-118.897798,5,553KRNAYC,553KRNAYC_2000-08-14_1,NA,NA
R5BIO-321,8/2/2000,0.834408431,480,0.713565119,0.955251743,Reference,P,34.67439327,-119.2975368,3,NA,R5BIO-321_2000-08-02_1,NA,NA
R5BIO-324,8/15/2000,0.891792246,513,0.878178461,0.905406031,Reference,P,35.93554569,-121.46781,3,NA,R5BIO-324_2000-08-15_1,NA,NA
R5BIO-326,8/17/2000,1.035191849,491,0.773011691,1.297372008,Reference,P,36.21301111,-121.5350733,3,NA,R5BIO-326_2000-08-17_1,NA,NA
R5BIO-327,8/23/2000,1.061803531,525,1.050738361,1.0728687,Reference,P,34.74644254,-119.70575,3,312RSCASC,312RSCASC_2000-08-23_1,NA,NA
309SLCAAS,5/16/2016,0.573631333,575,0.563971314,0.583291352,Reference,RFI,36.21963614,-121.4821197,3,309SLCAAS,309SLCAAS_2016-05-16_1,0.935850708,0.927437261
309SLCAAS,5/31/2017,0.839576711,590,0.965017582,0.71413584,Reference,RFI,36.21963614,-121.4821197,3,309SLCAAS,309SLCAAS_2017-05-31_1,0.911796534,0.92193828
309SLCAAS,5/21/2018,0.791537827,627,0.680943143,0.902132511,Reference,RFI,36.21963614,-121.4821197,3,309SLCAAS,309SLCAAS_2018-05-21_1,0.830726637,0.834123042
309SLCAAS,6/12/2019,0.822387627,554,0.793737405,0.851037849,Reference,RFI,36.21963614,-121.4821197,3,309SLCAAS,309SLCAAS_2019-06-12_1,NA,NA
312NPPCBR,6/1/2017,0.635505518,569,0.695178838,0.575832197,Reference,RFI,35.0239332,-120.1132901,3,312NPPCBR,312NPPCBR_2017-06-01_1,0.818360056,0.842397874
312NPPCBR,5/30/2019,0.836939247,588,0.900572586,0.773305908,Reference,RFI,35.0239332,-120.1132901,3,312NPPCBR,312NPPCBR_2019-05-30_1,NA,NA
504R5NPHG,3/18/2019,0.434273885,460,0.460413213,0.408134558,Reference,RFI_SFI,40.14993,-122.0821,5,504R5NPHG,504R5NPHG_2019-03-18_1,1.144722959,1.063507902
509R5NPLG,5/20/2019,0.641160024,578,0.652424085,0.629895963,Reference,RFI,40.21727129,-121.9214896,5,509R5NPLG,509R5NPLG_2019-05-20_1,1.218245978,1.166958153
509R5NPLG,4/23/2019,0.649445949,613,0.520587094,0.778304805,Reference,RFI,40.21727129,-121.9214896,5,509R5NPLG,509R5NPLG_2019-04-23_1,1.129132962,1.120660897
509R5NPLG,3/19/2019,0.808110384,551,0.733554541,0.882666227,Reference,RFI,40.21727129,-121.9214896,5,509R5NPLG,509R5NPLG_2019-03-19_1,1.124490991,1.048656011
537R5NPFA,4/24/2019,0.739947828,587,1.049901908,0.429993748,Reference,RFI,37.62236378,-120.1429287,5,537R5NPFA,537R5NPFA_2019-04-24_1,0.954400298,0.909778124
537R5NPFA,7/31/2019,0.80931185,589,0.95445628,0.66416742,Reference,RFI,37.62236378,-120.1429287,5,537R5NPFA,537R5NPFA_2019-07-31_1,1.090821712,1.030020066
537R5NPFA,7/2/2019,0.745564399,633,0.95445628,0.536672518,Reference,RFI,37.62236378,-120.1429287,5,537R5NPFA,537R5NPFA_2019-07-02_1,0.774230075,0.756425864
537R5NPFA,3/25/2019,0.856132642,600,1.033994304,0.67827098,Reference,RFI,37.62236378,-120.1429287,5,537R5NPFA,537R5NPFA_2019-03-25_1,0.952736731,0.958376716
533R5NPSC,3/21/2019,0.766516425,597,0.722059814,0.810973037,Reference,RFI,38.12402,-120.8119208,5,533R5NPSC,533R5NPSC_2019-03-21_1,1.056601651,0.958187389
533R5NPSC,5/15/2019,0.502511815,566,0.582996442,0.422027187,Reference,RFI,38.12402,-120.8119208,5,533R5NPSC,533R5NPSC_2019-05-15_1,1.044812292,1.017107759
533R5NPSC,4/25/2019,0.727725276,603,0.845077411,0.610373141,Reference,RFI,38.12402,-120.8119208,5,533R5NPSC,533R5NPSC_2019-04-25_1,0.890427531,0.823188498
509R5NP3F,3/19/2019,0.599409584,611,0.577343978,0.62147519,Reference,RFI,39.85576,-121.70815,5,509R5NP3F,509R5NP3F_2019-03-19_1,1.179977518,1.070067329
509R5NP3F,4/23/2019,0.427450008,583,0.439881126,0.415018891,Reference,RFI,39.85576,-121.70815,5,509R5NP3F,509R5NP3F_2019-04-23_1,1.242166333,1.09965572
509R5NP3F,5/21/2019,0.425384269,576,0.449878424,0.400890115,Reference,RFI,39.85576,-121.70815,5,509R5NP3F,509R5NP3F_2019-05-21_1,1.080884341,1.013366744
509R5NPSH,4/23/2019,0.606549518,591,0.633517553,0.579581482,Reference,RFI,39.85064,-121.70847,5,509R5NPSH,509R5NPSH_2019-04-23_1,1.252677709,1.227053734
509R5NPSH,3/19/2019,0.559770455,578,0.577701028,0.541839881,Reference,RFI,39.85064,-121.70847,5,509R5NPSH,509R5NPSH_2019-03-19_1,1.242149728,1.12105821
509R5NPSH,5/22/2019,0.493485475,603,0.535838635,0.451132315,Reference,RFI,39.85064,-121.70847,5,509R5NPSH,509R5NPSH_2019-05-22_1,1.24606479,1.09503937
517R5NPMG,5/14/2019,0.573411642,604,0.551748872,0.595074412,Reference,RFI,39.30731867,-121.3282765,5,517R5NPMG,517R5NPMG_2019-05-14_1,1.177093109,1.066695019
517R5NPMG,3/21/2019,0.511857889,599,0.32455816,0.699157618,Reference,RFI,39.30731867,-121.3282765,5,517R5NPMG,517R5NPMG_2019-03-21_1,1.121883488,1.017207165
517R5NPMG,5/1/2019,0.544418838,598,0.445529838,0.643307839,Reference,RFI,39.30731867,-121.3282765,5,517R5NPMG,517R5NPMG_2019-05-01_1,1.15670731,1.030366098
509R5NPSC,3/19/2019,0.421247306,589,0.243612856,0.598881755,Reference,RFI,40.19666,-121.91727,5,509R5NPSC,509R5NPSC_2019-03-19_1,1.197308682,1.120241727
512ZZMAEC,5/31/2016,0.534845521,603,0.58357953,0.486111513,Reference,RFI,38.75878107,-122.297222,5,512ZZMAEC,512ZZMAEC_2016-05-31_1,1.06594445,1.003164163
512ZZMAEC,5/25/2017,0.687430586,576,0.641937483,0.73292369,Reference,RFI,38.75878107,-122.297222,5,512ZZMAEC,512ZZMAEC_2017-05-25_1,1.231500573,1.180385238
512ZZMAEC,5/31/2018,0.526140016,579,0.471032049,0.581247982,Reference,RFI,38.75878107,-122.297222,5,512ZZMAEC,512ZZMAEC_2018-05-31_1,0.945668463,0.889950258
512ZZMAEC,6/17/2019,0.699638319,594,0.725305987,0.673970652,Reference,RFI,38.75878107,-122.297222,5,512ZZMAEC,512ZZMAEC_2019-06-17_1,NA,NA
514PS0090,6/27/2016,0.772762298,595,0.836048349,0.709476247,Reference,RFI,39.25975876,-120.6155234,5,514PS0090,514PS0090_2016-06-27_1,1.003087904,0.944574001
514PS0090,8/28/2017,0.862029052,262,0.932643576,0.791414528,Reference,RFI,39.25975876,-120.6155234,5,514PS0090,514PS0090_2017-08-28_1,1.198206652,1.133195931
514PS0090,5/29/2018,0.972556983,591,1.045893154,0.899220813,Reference,RFI,39.25975876,-120.6155234,5,514PS0090,514PS0090_2018-05-29_1,1.06791854,0.987889224
514PS0090,7/15/2019,0.716983014,603,0.78275443,0.651211597,Reference,RFI,39.25975876,-120.6155234,5,514PS0090,514PS0090_2019-07-15_1,NA,NA
514PS0090,5/12/2021,0.351379551,249,0.333086992,0.369672111,Reference,RFI,39.2596,-120.6154,5,514PS0090,514PS0090_2021-05-12_1,NA,NA
514PS0090,6/16/2021,0.298446572,589,0.346410471,0.250482673,Reference,RFI,39.2596,-120.6154,5,514PS0090,514PS0090_2021-06-16_1,NA,NA
533R5NPSC,3/24/2021,0.73310451,576,0.738105587,0.728103434,Reference,RFI,38.12402,-120.81199,5,533R5NPSC,533R5NPSC_2021-03-24_1,NA,NA
537R5NPFA,3/22/2021,0.661803428,582,0.906733466,0.416873389,Reference,RFI,37.62239,-120.14266,5,537R5NPFA,537R5NPFA_2021-03-22_1,NA,NA
537R5NPFA,4/19/2021,0.732059288,580,0.94385121,0.520267366,Reference,RFI,37.62239,-120.14266,5,537R5NPFA,537R5NPFA_2021-04-19_1,NA,NA
537R5NPFA,5/17/2021,0.803277395,577,0.832497978,0.774056812,Reference,RFI,37.62239,-120.14266,5,537R5NPFA,537R5NPFA_2021-05-17_1,NA,NA
309SLCAAS,6/8/2020,0.7863523,595,0.751961752,0.820742847,Reference,RFI,36.21963614,-121.4821197,3,309SLCAAS,309SLCAAS_2020-06-08_1,1.1394129,1.085041915
312NPPCBR,6/16/2020,0.724842592,589,0.732044383,0.717640802,Reference,RFI,35.02393321,-120.1132901,3,312NPPCBR,312NPPCBR_2020-06-16_1,1.063152282,0.990122883
514PS0090,6/10/2020,0.878618405,590,0.985937495,0.771299316,Reference,RFI,39.25975876,-120.6155234,5,514PS0090,514PS0090_2020-06-10_1,0.968527273,0.996950007
201CHE300,6/18/2012,1.08175,597,1.159005,1.004496,Reference,RFI,38.03945,-122.741796,2,201CHE300,201CHE300_2012-06-18_1,0.937409167,0.885513517
201EAS050,4/13/2005,0.876344,503,0.895595,0.857092,Reference,RFI,37.900582,-122.637146,2,201EAS050,201EAS050_2005-04-13_1,NA,NA
201HAL400,5/24/2016,1.052669,577,1.093227,1.012111,Reference,RFI,38.078809,-122.654151,2,201HAL400,201HAL400_2016-05-24_1,NA,NA
201RDW790,5/14/2019,0.845723733,589,0.752082477,0.939364989,Reference,RFI,37.88251,-122.577089,2,NA,201RDW790_2019-05-14_1,NA,NA
201WLK170,4/18/2001,1.073394,874,1.138283,1.008504,Reference,RFI,38.164523,-122.811387,2,201WLK170,201WLK170_2001-04-18_1,NA,NA
202R00214,6/6/2013,0.844104,NA,NA,NA,Reference,RFI,37.26122,-122.24086,2,NA,202R00214_2013-06-06_1,NA,NA
203R00983,6/6/2013,0.759663,NA,NA,NA,Reference,RFI,37.87644,-122.23415,2,203R00983,203R00983_2013-06-06_1,0.873404281,0.824926604
204AMCADD,4/25/2014,1.0429236,587,1.060437419,1.025409782,Reference,RFI,37.497366,-121.773604,2,204AMCADD,204AMCADD_2014-04-25_1,NA,NA
204IND200,4/29/2008,1.028254,583,1.055253,1.001255,Reference,RFI,37.562044,-121.798423,2,204IND200,204IND200_2008-04-29_1,0.920516097,0.980921559
204IND200,4/13/2009,1.048066,584,1.009703,1.086429,Reference,RFI,37.562044,-121.798423,2,204IND200,204IND200_2009-04-13_1,0.973834072,0.961767637
204IND200,5/25/2010,0.950772,433,0.91101,0.990534,Reference,RFI,37.562044,-121.798423,2,204IND200,204IND200_2010-05-25_1,0.991630131,1.05150356
204IND200,4/28/2015,0.640854,575,0.600384,0.681324,Reference,RFI,37.562044,-121.798423,2,204IND200,204IND200_2015-04-28_1,0.939725316,0.901604776
204IND200,6/15/2015,0.628178,612,0.670605,0.585751,Reference,RFI,37.562044,-121.798423,2,204IND200,204IND200_2015-06-15_1,1.132363093,1.097445562
204INDSAR,5/6/2004,1.123268,906,1.098265,1.148272,Reference,RFI,37.564036,-121.799634,2,204INDSAR,204INDSAR_2004-05-06_1,NA,NA
204LACSAC,5/11/2004,1.078834,899,1.142999,1.01467,Reference,RFI,37.565586,-121.780602,2,204LACSAC,204LACSAC_2004-05-11_1,NA,NA
204R02695,5/2/2018,0.784413852,NA,NA,NA,Reference,RFI,37.61048,-122.0007,2,204R02695,204R02695_2018-05-02_1,NA,NA
204SIN300,5/15/2012,0.765128,554,0.787097,0.743158,Reference,RFI,37.640501,-121.924681,2,204SIN300,204SIN300_2012-05-15_1,1.183879885,1.179516222
204SLE180,5/2/2001,0.936548,869,1.070602,0.802493,Reference,RFI,37.801424,-122.145034,2,204SLE180,204SLE180_2001-05-02_1,NA,NA
204SMA180,4/2/2003,0.788787,912,0.731325,0.846249,Reference,RFI,37.487767,-122.343003,2,204SMA180,204SMA180_2003-04-02_1,NA,NA
204SMA180,4/15/2004,1.01605,493,1.055418,0.976682,Reference,RFI,37.487767,-122.343003,2,204SMA180,204SMA180_2004-04-15_1,NA,NA
204SMA180,3/20/2009,0.99411,990,1.001416,0.986803,Reference,RFI,37.487767,-122.343003,2,204SMA180,204SMA180_2009-03-20_1,NA,NA
204VAL400,5/19/2014,0.952105036,587,1.007954146,0.896255925,Reference,RFI,37.470921,-121.666397,2,204VAL400,204VAL400_2014-05-19_1,1.064695862,0.994871638
205AAG375,5/14/2014,0.516053447,597,0.626033234,0.40607366,Reference,RFI,37.360182,-121.737198,2,205AAG375,205AAG375_2014-05-14_1,1.026011498,1.012829488
205AAG400,6/5/2012,0.646532353,599,0.769018539,0.524046167,Reference,RFI,37.37189,-121.73289,2,205AAG400,205AAG400_2012-06-05_1,0.903316943,0.941061247
205AAG400,6/5/2012,0.635076332,614,0.787007277,0.483145387,Reference,RFI,37.37189,-121.73289,2,205AAG400,205AAG400_2012-06-05_1,0.903316943,0.941061247
205ADO060,4/5/2004,1.073685,485,1.128699,1.018671,Reference,RFI,37.347582,-122.162567,2,205ADO060,205ADO060_2004-04-05_1,NA,NA
205ADO060,4/11/2005,0.725647,493,0.696569,0.754724,Reference,RFI,37.347582,-122.162567,2,205ADO060,205ADO060_2005-04-11_1,NA,NA
205ADO060,3/20/2009,0.937079,976,0.973986,0.900172,Reference,RFI,37.347582,-122.162567,2,205ADO060,205ADO060_2009-03-20_1,NA,NA
205CHAxxx,6/23/1998,0.853332,844,0.879184,0.827479,Reference,RFI,37.17092,-121.79658,2,205CHAxxx,205CHAxxx_1998-06-23_1,NA,NA
205COY585,5/28/2013,0.840622269,620,0.737357717,0.943886822,Reference,RFI,37.09003,-121.46985,2,205COY585,205COY585_2013-05-28_1,1.043717471,1.114998038
205COY600,5/2/2004,0.940344,903,0.770733,1.109955,Reference,RFI,37.10566,-121.47426,2,205COY600,205COY600_2004-05-02_1,NA,NA
205COY610,4/30/2008,0.77217,610,0.647738,0.896602,Reference,RFI,37.1177,-121.48111,2,205COY610,205COY610_2008-04-30_1,0.719665108,0.820901419
205COY610,4/15/2009,0.950909,576,0.917629,0.98419,Reference,RFI,37.1177,-121.48111,2,205COY610,205COY610_2009-04-15_1,0.737799509,0.925857634
205COY610,6/3/2010,0.704544,571,0.885242,0.523845,Reference,RFI,37.1177,-121.48111,2,205COY610,205COY610_2010-06-03_1,1.025389769,1.000892447
205COY610,6/3/2010,0.99172,484,1.079563,0.903877,Reference,RFI,37.1177,-121.48111,2,205COY610,205COY610_2010-06-03_1,1.025389769,1.000892447
205COY610,5/11/2015,0.666805,602,0.704448,0.629162,Reference,RFI,37.1177,-121.48111,2,205COY610,205COY610_2015-05-11_1,1.089184545,1.031618165
205COY610,5/28/2019,0.841426696,584,0.831100058,0.851753334,Reference,RFI,37.1177,-121.48111,2,205COY610,205COY610_2019-05-28_1,0.982205943,1.012627157
205COY615,6/3/2014,0.542278662,568,0.534145835,0.550411489,Reference,RFI,37.121255,-121.480272,2,205COY615,205COY615_2014-06-03_1,0.773264881,0.715339937
205COY615,6/3/2014,0.597499291,581,0.539541247,0.655457336,Reference,RFI,37.121255,-121.480272,2,205COY615,205COY615_2014-06-03_1,0.773264881,0.715339937
205COY835,5/28/2015,0.655758078,586,0.754580965,0.556935191,Reference,RFI,37.169194,-121.508145,2,205COY835,205COY835_2015-05-28_1,NA,NA
205COY850,5/21/2012,1.005102,564,0.952701,1.057502,Reference,RFI,37.182404,-121.506665,2,205COY850,205COY850_2012-05-21_1,1.02157903,0.996842723
205COY852,6/2/2015,0.611931818,579,0.670068732,0.553794904,Reference,RFI,37.179918,-121.500952,2,205COY852,205COY852_2015-06-02_1,NA,NA
205COY852,6/2/2015,0.489026991,NA,NA,NA,Reference,RFI,37.179918,-121.500952,2,205COY852,205COY852_2015-06-02_1,NA,NA
205COY853,5/29/2014,0.740894989,580,0.838726895,0.643063083,Reference,RFI,37.177747,-121.497126,2,205COY853,205COY853_2014-05-29_1,1.088544914,0.956854678
205COY900,5/16/2012,0.646604,588,0.554762,0.738445,Reference,RFI,37.175376,-121.47731,2,205COY900,205COY900_2012-05-16_1,0.89868843,0.88296573
205COY930,5/7/2013,0.542651889,607,0.474101434,0.611202344,Reference,RFI,37.18975,-121.46888,2,205COY930,205COY930_2013-05-07_1,1.011228702,1.010774706
205CYCAHH,6/12/2017,1.055055554,607,1.21396267,0.896148437,Reference,RFI,37.10146,-121.472226,2,205CYCAHH,205CYCAHH_2017-06-12_1,1.144439263,1.007700878
205R00021,5/16/2012,0.945944,NA,NA,NA,Reference,RFI,37.25463,-121.57339,2,205R00021,205R00021_2012-05-16_1,0.992195411,1.083789036
205R00097,6/3/2014,0.523201,NA,NA,NA,Reference,RFI,37.12126,-121.48027,2,NA,205R00097_2014-06-03_1,NA,NA
205R00213,4/27/2016,0.655605,NA,NA,NA,Reference,RFI,37.26556,-121.64668,2,205R00213,205R00213_2016-04-27_1,NA,NA
205R00275,6/12/2013,0.862265,NA,NA,NA,Reference,RFI,37.39006,-121.78341,2,NA,205R00275_2013-06-12_1,NA,NA
205R00289,5/28/2013,0.84129,NA,NA,NA,Reference,RFI,37.0906,-121.46888,2,NA,205R00289_2013-05-28_1,NA,NA
205R00296,5/6/2013,0.684279,NA,NA,NA,Reference,RFI,37.45266,-122.30134,2,NA,205R00296_2013-05-06_1,NA,NA
205R00322,5/14/2014,0.470546,NA,NA,NA,Reference,RFI,37.35971,-121.74059,2,NA,205R00322_2014-05-14_1,NA,NA
205R00330,4/30/2014,1.209267,NA,NA,NA,Reference,RFI,37.19825,-121.90036,2,205R00330,205R00330_2014-04-30_1,NA,NA
205R00337,5/7/2013,0.498236,NA,NA,NA,Reference,RFI,37.18948,-121.46873,2,NA,205R00337_2013-05-07_1,NA,NA
205R00401,5/29/2014,0.734945,NA,NA,NA,Reference,RFI,37.17775,-121.49713,2,NA,205R00401_2014-05-29_1,NA,NA
205R00593,5/28/2015,0.666655,NA,NA,NA,Reference,RFI,37.16919,-121.50815,2,NA,205R00593_2015-05-28_1,NA,NA
205R00609,5/10/2017,0.66,NA,NA,NA,Reference,RFI,37.073721,-121.460268,2,205R00609,205R00609_2017-05-10_1,NA,NA
205R00609,5/10/2017,0.634033934,NA,NA,NA,Reference,RFI,37.073721,-121.460268,2,205R00609,205R00609_2017-05-10_1,NA,NA
205R00657,6/2/2015,0.595039,NA,NA,NA,Reference,RFI,37.17992,-121.50095,2,NA,205R00657_2015-06-02_1,NA,NA
205R00769,5/10/2018,0.742885649,NA,NA,NA,Reference,RFI,37.21949828,-121.5415814,2,205R00769,205R00769_2018-05-10_1,NA,NA
205R01299,5/15/2014,0.962419,NA,NA,NA,Reference,RFI,37.39781,-121.78597,2,205R01299,205R01299_2014-05-15_1,NA,NA
205R03091,5/18/2017,1.01,NA,NA,NA,Reference,RFI,37.399248,-121.785626,2,205R03091,205R03091_2017-05-18_1,NA,NA
205R04217,5/3/2018,1.037261846,NA,NA,NA,Reference,RFI,37.40035656,-121.7491119,2,205R04217,205R04217_2018-05-03_1,NA,NA
205SFC880,6/19/2012,0.944825,593,0.956413,0.933238,Reference,RFI,37.306683,-121.68885,2,205SFC880,205SFC880_2012-06-19_1,0.994856515,1.041874355
205WUN450,6/11/2012,0.693596,594,0.744245,0.642946,Reference,RFI,37.448972,-122.29447,2,205WUN450,205WUN450_2012-06-11_1,1.088136087,1.065969288
205WUN550,5/6/2013,0.709210283,591,0.623885085,0.794535481,Reference,RFI,37.45211,-122.29852,2,205WUN550,205WUN550_2013-05-06_1,0.966296812,0.928040282
206BRC020,6/27/2012,0.821125217,582,0.893624711,0.748625723,Reference,RFI,37.9278,-122.150344,2,206BRC020,206BRC020_2012-06-27_1,1.057042956,0.981135721
206BRC020,6/27/2012,0.806952477,589,0.897379437,0.716525517,Reference,RFI,37.9278,-122.150344,2,206BRC020,206BRC020_2012-06-27_1,1.057042956,0.981135721
206DRY810,5/29/2006,0.851724,1016,0.873334,0.830114,Reference,RFI,38.40797,-122.43383,2,206DRY810,206DRY810_2006-05-29_1,NA,NA
206KRE700,4/28/2004,0.851044,1253,0.911114,0.790975,Reference,RFI,38.27842,-122.22637,2,206KRE700,206KRE700_2004-04-28_1,NA,NA
206MIL090,4/15/2000,0.876954,898,0.8042,0.949707,Reference,RFI,38.03944,-122.60194,2,206MIL090,206MIL090_2000-04-15_1,NA,NA
206MUR650,4/17/2001,0.53352,1701,0.570583,0.496458,Reference,RFI,38.308412,-122.205577,2,206MUR650,206MUR650_2001-04-17_1,NA,NA
206NOV080,4/15/2005,0.652028,481,0.641182,0.662873,Reference,RFI,38.062363,-122.581113,2,206NOV080,206NOV080_2005-04-15_1,NA,NA
206NOV080,3/20/2009,1.075961,981,1.253854,0.898068,Reference,RFI,38.062363,-122.581113,2,206NOV080,206NOV080_2009-03-20_1,NA,NA
206PIC005,4/20/2001,0.674404,1868,0.671047,0.677762,Reference,RFI,38.334782,-122.371678,2,206PIC005,206PIC005_2001-04-20_1,NA,NA
206PIC205,4/28/2000,0.866553,1699,0.843128,0.889978,Reference,RFI,38.34359,-122.378227,2,206PIC205,206PIC205_2000-04-28_1,NA,NA
206SPA150,5/3/2001,0.841566,914,0.854971,0.828161,Reference,RFI,37.926116,-122.158655,2,206SPA150,206SPA150_2001-05-03_1,NA,NA
206SPA160,5/3/2001,0.761535,917,0.814737,0.708334,Reference,RFI,37.927553,-122.1523,2,206SPA160,206SPA160_2001-05-03_1,NA,NA
206TUL120,4/29/2000,1.001584,1871,1.036574,0.966594,Reference,RFI,38.284614,-122.217541,2,206TUL120,206TUL120_2000-04-29_1,NA,NA
207GVC800,5/23/2013,0.904950417,603,0.990654823,0.81924601,Reference,RFI,38.28568,-122.17095,2,207GVC800,207GVC800_2013-05-23_1,1.011164429,0.951998136
207MTD120,4/3/2003,0.855248,887,0.853371,0.857124,Reference,RFI,37.913932,-121.947839,2,207MTD120,207MTD120_2003-04-03_1,NA,NA
207MTD120,5/6/2004,0.890648,874,1.024046,0.75725,Reference,RFI,37.913932,-121.947839,2,207MTD120,207MTD120_2004-05-06_1,NA,NA
207MTD120,4/23/2005,0.856709,505,0.971412,0.742005,Reference,RFI,37.913932,-121.947839,2,207MTD120,207MTD120_2005-04-23_1,NA,NA
207MTD120,4/22/2006,1.009964,481,1.158878,0.861051,Reference,RFI,37.913932,-121.947839,2,207MTD120,207MTD120_2006-04-22_1,NA,NA
207MTD120,3/20/2009,1.013959,1471,1.109383,0.918535,Reference,RFI,37.913932,-121.947839,2,207MTD120,207MTD120_2009-03-20_1,NA,NA
207MTD140,4/3/2003,0.738321,894,0.719862,0.756781,Reference,RFI,37.92109,-121.927059,2,207MTD140,207MTD140_2003-04-03_1,NA,NA
207SUI260,5/2/2001,0.62408,880,0.714378,0.533782,Reference,RFI,38.375276,-122.142249,2,207SUI260,207SUI260_2001-05-02_1,NA,NA
543KEL030,4/3/2002,0.823038,891,0.824093,0.821982,Reference,RFI,37.802297,-121.753364,5,543KEL030,543KEL030_2002-04-03_1,NA,NA
543KEL030,4/15/2003,0.811083,920,0.842106,0.78006,Reference,RFI,37.802297,-121.753364,5,543KEL030,543KEL030_2003-04-15_1,NA,NA
543KEL030,3/20/2009,0.823196,998,0.806199,0.840194,Reference,RFI,37.802297,-121.753364,5,543KEL030,543KEL030_2009-03-20_1,NA,NA
ALC29.49,4/23/2013,0.676939,601,0.711348,0.642531,Reference,RFI,37.49689,-121.761537,2,ALC29.49,ALC29.49_2013-04-23_1,NA,NA
ALC29.49,5/19/2014,0.577245,615,0.59903,0.55546,Reference,RFI,37.49689,-121.761537,2,ALC29.49,ALC29.49_2014-05-19_1,NA,NA
ALC29.49,5/18/2015,0.719107,597,0.771251,0.666963,Reference,RFI,37.49689,-121.761537,2,ALC29.49,ALC29.49_2015-05-18_1,NA,NA
ALC29.49,5/17/2016,0.975962,629,1.033327,0.918598,Reference,RFI,37.49689,-121.761537,2,ALC29.49,ALC29.49_2016-05-17_1,NA,NA
ALC29.49,6/20/2017,1.003536632,630,1.007119131,0.999954133,Reference,RFI,37.49689,-121.761537,2,ALC29.49,ALC29.49_2017-06-20_1,NA,NA
ALC29.49,5/30/2018,0.98,705,0.906032824,1.063896175,Reference,RFI,37.49689,-121.761537,2,ALC29.49,ALC29.49_2018-05-30_1,NA,NA
ALC29.49,6/18/2019,1.103303008,646,1.059534253,1.147071763,Reference,RFI,37.49689,-121.761537,2,ALC29.49,ALC29.49_2019-06-18_1,NA,NA
ALC29.49,7/8/2020,0.881458944,607,0.789892452,0.973025436,Reference,RFI,37.49689,-121.761537,2,ALC29.49,ALC29.49_2020-07-08_1,NA,NA
